	Fun parts of learning Chinese, episode 175: 十二+十-一=二十一	VitalikButerin	13	3	1457823087	708787516078497793	https://twitter.com/VitalikButerin/status/708787516078497793			
	@ thecyberdexter No. Also, you can do lightning networks on top of eth and they work even smoother.	VitalikButerin	7	3	1457787622	708638766282502144	https://twitter.com/VitalikButerin/status/708638766282502144			@
	@ coolbearcjs To be fair, _if_ you think obamacare is a massive good then that easily outweighs the impact of this phone backdoor bickering.	VitalikButerin	3	1	1457787551	708638467421503488	https://twitter.com/VitalikButerin/status/708638467421503488			@
	http://mic.com/articles/137728/at-south-by-southwest-obama-calls-on-tech-leaders-to-make-online-voting-a-reality#.WvupZvZYn … Sure, but it can only be secure if you don't put backdoors in the devices that people cast their votes on.	VitalikButerin	57	37	1457761938	708531039904342017	https://twitter.com/VitalikButerin/status/708531039904342017		#	
	The truth about Trump rallies and Paul Singer's profits. https://youtu.be/I204v4nHmpU  http://fb.me/2N3qWNzCN	maxkeiser	11	12	1457820664	708777353841872896	https://twitter.com/maxkeiser/status/708777353841872896			
	Start a new global economy.pic.twitter.com/9QrkA6O68a	maxkeiser	28	24	1457812137	708741588659412993	https://twitter.com/maxkeiser/status/708741588659412993			
ethereum 	A Greek tragedy in fracking and a hedge fund on the Ethereum blockchain! https://youtu.be/LM-VO09IEwY http://fb.me/4GphyDGYq	maxkeiser	14	10	1457798299	708683547402493952	https://twitter.com/maxkeiser/status/708683547402493952			
	Send your pitch: why we should send you some free @ start_coin scratch cards to: hello@startjoin.com @ paradimeshiftpic.twitter.com/E16A2QKC8h	maxkeiser	26	15	1457792015	708657191255973889	https://twitter.com/maxkeiser/status/708657191255973889			@ @startjoin @
	2016: More # StartNodes, more @ SatoshiPoint ATM's offering @ start_coin, more downloads of @ StartWalletpic.twitter.com/RmMjxLIKTP	maxkeiser	10	10	1457791310	708654235156619264	https://twitter.com/maxkeiser/status/708654235156619264		#	@ @ @
	Happy Birthday @ stacyherbert	maxkeiser	51	15	1457785156	708628421807624192	https://twitter.com/maxkeiser/status/708628421807624192			@
	@ realDonaldTrump Yep	maxkeiser	3	0	1457784439	708625418040053760	https://twitter.com/maxkeiser/status/708625418040053760			@
	Keiser Report: Loss of National Inheritance (E886) https://youtu.be/BnjZPr9Q5I8  via @ YouTube	maxkeiser	10	14	1457778015	708598472958746624	https://twitter.com/maxkeiser/status/708598472958746624			@
	@ Redpeter99 @ Renegade_Inc Race not really a factor when you compare the damage banksters have done. This is the American Spring.	maxkeiser	2	4	1457770734	708567933514096640	https://twitter.com/maxkeiser/status/708567933514096640			@ @
	@ BklynMiddleton @ wmiddelkoop This is the American Spring. Good luck to Americans taking country back from banksters! # RockOn	maxkeiser	1	1	1457770484	708566884980015105	https://twitter.com/maxkeiser/status/708566884980015105		#	@ @
	Violence at Trump rally shows that if Americans want freedom from corpocracy and banksters they're gonna have to fight for it. # RockOn	maxkeiser	70	54	1457770379	708566445630857216	https://twitter.com/maxkeiser/status/708566445630857216		#	
	Congrats U.S. gays: another milestone victory; took lots of guts (and violence). Now it's time for American workers and savers to fight.	maxkeiser	11	4	1457770201	708565698595983360	https://twitter.com/maxkeiser/status/708565698595983360			
	Violence at Trump rally = American Spring.	maxkeiser	34	40	1457769977	708564757410922496	https://twitter.com/maxkeiser/status/708564757410922496			
	@ faisalislam @ SkyNews the violence is a sign of healthy regeneration. Some times you have to crack a few eggs...	maxkeiser	1	0	1457769792	708563984174153728	https://twitter.com/maxkeiser/status/708563984174153728			@ @
	35Mds d'appareils connectés à l'Internet en 2020; dont 20Mds d'Iot https://asiafreshnews.wordpress.com/2014/10/16/33-billion-internet-devices-by-2020-four-connected-devices-for-every-person-in-the-world-says-strategy-analytics/ … @ vbenard @ ValaAfsharpic.twitter.com/yjLe6WIyr9	babgi	20	55	1457807200	708720880856277000	https://twitter.com/babgi/status/708720880856277000			@ @
	35 milliards d'appareils connectés à internet en 2020 dont 20 milliards d'IoT ! http://time.com/4256606/barack-obama-sxsw-apple-fbi-encryption-question/?xid=time_socialflow_twitter … @ ValaAfsharpic.twitter.com/zU8R8UP9Gf	babgi	8	24	1457806615	708718427259707394	https://twitter.com/babgi/status/708718427259707394			@
	Obama prend parti dans le contentieux FBI / Apple,http://time.com/4256606/barack-obama-sxsw-apple-fbi-encryption-question/?xid=time_socialflow_twitter …	babgi	3	5	1457805676	708714491429699584	https://twitter.com/babgi/status/708714491429699584			
	. @ estocadaPhil déchu de sa nationalité à minima	babgi	1	0	1457798632	708684943921176577	https://twitter.com/babgi/status/708684943921176577			@
	@ Efma_news Talk about being in good company. Honored to be mentioned in same sentence as @ ferrarirobtweet and @ Capgemini_ES	JimMarous	3	2	1457785168	708628475494670337	https://twitter.com/JimMarous/status/708628475494670337			@ @ @
	Great interview of @ LizLum on @ startupbootcamp http://irishtechnews.net/ITN3/elizabeth-lumley-startupbootcamp-fintech-md-on-startup-success-and-world-domination/ …	JimMarous	7	5	1457757308	708511618473267200	https://twitter.com/JimMarous/status/708511618473267200			@ @
	@ R3N_DER she doesnt. Just for her own amusement.	officialmcafee	1	1	1457812351	708742488589254656	https://twitter.com/officialmcafee/status/708742488589254656			@
	My granddaughter's latest sketchpic.twitter.com/b9Yrz4AtT3	officialmcafee	137	26	1457803091	708703648885415936	https://twitter.com/officialmcafee/status/708703648885415936			
	http://www.escapistmagazine.com/articles/view/scienceandtech/16863-John-McAfee-Exclusive-What-Apple-and-FBI-iPhone-Unlock-Standoff- …	officialmcafee	14	17	1457748874	708476246640955392	https://twitter.com/officialmcafee/status/708476246640955392			
	It’s the free market that brought billions of people out of poverty in the 20th century. It’s socialism that enslaved and impoverished them.	rogerkver	71	37	1457802525	708701274456367104	https://twitter.com/rogerkver/status/708701274456367104			
	My new book Augmented: Life in the Smart Lane is available for pre order https://www.amazon.com/dp/9814634034/ref=cm_sw_r_tw_awd_Cag5wbD2987H6 … # AugmentedBook	BrettKing	3	2	1457807449	708721928467570688	https://twitter.com/BrettKing/status/708721928467570688		#	
	@ MAA1 awesome	BrettKing	0	0	1457800300	708691941140131840	https://twitter.com/BrettKing/status/708691941140131840			@
	@ Javi_FacePhi @ Temenos glad you enjoyed it	BrettKing	1	1	1457800277	708691846688608256	https://twitter.com/BrettKing/status/708691846688608256			@ @
	Speech, money, code, and media are all the same thing underneath. You can't free one without freeing the rest.https://twitter.com/oleganza/status/708777327531053056 …	naval	115	70	1457820954	708778571414634496	https://twitter.com/naval/status/708778571414634496			
	Still think you matter?https://twitter.com/davidbrin/status/708400583946805249 …	naval	44	12	1457769379	708562250840190976	https://twitter.com/naval/status/708562250840190976			
	Great news, I've bottomed out!https://twitter.com/pickover/status/708476132144881664 …	naval	48	7	1457769018	708560737581436928	https://twitter.com/naval/status/708560737581436928			
	Stop changing our clocks! https://stopdst.com # stopDST Accommodating farmers without electricity by disrupting 2bn circadian clocks? No	aantonop	92	99	1457793398	708662994918486016	https://twitter.com/aantonop/status/708662994918486016		#	
	@ smartbrain @ MScDigital You have some of the best questions, for sure! Thanks	aantonop	3	0	1457791395	708654593396178944	https://twitter.com/aantonop/status/708654593396178944			@ @
	@ WTjern ShapeShift.io	ErikVoorhees	1	0	1457754587	708500208796078080	https://twitter.com/ErikVoorhees/status/708500208796078080			@
bitcoin ethereum 	Ethereum just hit $1b market cap. It is the second blockchain asset to ever accomplish this, alongside Bitcoin. http://www.CoinCap.io	ErikVoorhees	207	196	1457754034	708497889035571201	https://twitter.com/ErikVoorhees/status/708497889035571201			
bitcoin ethereum 	Ethereum going live for trading on Bitfinex on Monday... https://www.bitfinex.com/pages/announcements/?id=93 … # bitcoin # cryptocurrency	ErikVoorhees	34	34	1457749065	708477046620446720	https://twitter.com/ErikVoorhees/status/708477046620446720		# #	
bitcoin 	“The First Micropayments Marketplace” by @21 https://medium.com/@21/the-first-micropayments-marketplace-38c321127d12#.y9oidpump … # bitcoin	ErikVoorhees	28	23	1457740285	708440221033992192	https://twitter.com/ErikVoorhees/status/708440221033992192		# #	@21 @21
	Love Benedict's writinghttps://twitter.com/benedictevans/status/707447327720603648 …	brian_armstrong	4	0	1457807912	708723870002339840	https://twitter.com/brian_armstrong/status/708723870002339840			
	One of several improvements that an open, global financial system would bring to the world.	brian_armstrong	5	2	1457807617	708722633102069761	https://twitter.com/brian_armstrong/status/708722633102069761			
	Payments are still one of the biggest barriers to innovation. Prevents good ideas from spreading between countries.	brian_armstrong	8	12	1457807544	708722327240835072	https://twitter.com/brian_armstrong/status/708722327240835072			
	Sort of changes what it means to be a 'company' also. Could just be a single person who builds something, global customer base from day 1	brian_armstrong	12	4	1457807432	708721855381708800	https://twitter.com/brian_armstrong/status/708721855381708800			
	Awesome work from @21! I could see many dev tool companies launching payment channel first in future vs credit cardpic.twitter.com/wkt49mr4aA	brian_armstrong	118	73	1457807309	708721341130641408	https://twitter.com/brian_armstrong/status/708721341130641408			@21
	@ timpastoor Also on Kraken	TuurDemeester	1	0	1457804915	708711297043464192	https://twitter.com/TuurDemeester/status/708711297043464192			@
bitcoin 	"@ kathleenbreit I mean whether you see asset exchange platforms using sidechained bitcoin tokens as ""private applications of colored coins""."	TuurDemeester	0	0	1457803225	708704211748323328	https://twitter.com/TuurDemeester/status/708704211748323328			@
	@ kathleenbreit Ok, thanks. And you think that sidechains are equally unsuited for building bridges to legacy financial institutions?	TuurDemeester	0	0	1457801585	708697333458870272	https://twitter.com/TuurDemeester/status/708697333458870272			@
	You're saying that you think $ ETH, too will stabilize at lower levels than today?	TuurDemeester	1	1	1457800653	708693423839023105	https://twitter.com/TuurDemeester/status/708693423839023105			
	@ robustus yes I do :-)	TuurDemeester	1	0	1457799749	708689629696774146	https://twitter.com/TuurDemeester/status/708689629696774146			@
	@ kathleenbreit I'm confused. Can you clarify whether you're only talking about main chain colored coins (fex Open Assets platform)? Thanks!	TuurDemeester	0	0	1457799523	708688684044845056	https://twitter.com/TuurDemeester/status/708688684044845056			@
ethereum 	$ ETH (ethereum) market cap now over $1 billion — a rise of +10x in 100 days.pic.twitter.com/TDEgS0p8Xo	TuurDemeester	15	19	1457798907	708686099355275265	https://twitter.com/TuurDemeester/status/708686099355275265			
	Euro printing press in hyperdrive # draghinomicspic.twitter.com/YcfEjLcx6r	TuurDemeester	4	10	1457794779	708668785625010176	https://twitter.com/TuurDemeester/status/708668785625010176		#	
	"@ maartenverheyen @StevenDeKlerck @ HLN_BE ""daar zit nog rek op"" wtf..."	TuurDemeester	0	0	1457794351	708666991280672769	https://twitter.com/TuurDemeester/status/708666991280672769			@ @StevenDeKlerck @
bitcoin 	Bitcoin: Making Swiss Bank Accounts Great Again! http://ow.ly/Zn3zD pic.twitter.com/nT3Gq9j6uN	TuurDemeester	25	24	1457746349	708465656459472897	https://twitter.com/TuurDemeester/status/708465656459472897			
	Two deep articles on # finance and distributions http://www.longfinance.net/news/long-finance-blogs/969-the-comparison-of-distributions.html … http://www.longfinance.net/news/long-finance-blogs/970-the-comparison-of-distributions-employing-affine-transformations-to-assess-risk-and-return.html … @ LongFinance @ actuarialpost @ TheActuaryMag	mrmainelli	3	2	1457797712	708681087669690368	https://twitter.com/mrmainelli/status/708681087669690368		#	@ @ @
	# Brexit @ asi 10? # LeaveEU http://www.adamsmith.org/blog/thinkpieces/ten-questions-for-the-leave-campaign/ … 5? # Remain http://www.adamsmith.org/blog/thinkpieces/five-questions-for-the-stay-campaign/ … 5?scare http://www.adamsmith.org/blog/international/five-questions-for-scaremongers/ …pic.twitter.com/ycZ9W7WGwE	mrmainelli	0	0	1457797216	708679008792285184	https://twitter.com/mrmainelli/status/708679008792285184		# # #	@
	Best learning event in ages - @ WineIntell on # Legacy - http://www.leadingthinkerssummit.com/  - http://www.gresham.ac.uk/lectures-and-events/long-commerce-transactions-across-time … @ LongFinance # discountrates	mrmainelli	0	1	1457788250	708641399785263105	https://twitter.com/mrmainelli/status/708641399785263105		# #	@ @
bitcoin 	1st real # insurance # blockchain @ leashless @ BitcoinByte @ coindesk @ iang_fc # ukdca @ Bitcoin @ BitcoinMagazine @ BitcoinChannel # bitcoin	mrmainelli	1	0	1457778688	708601295490457600	https://twitter.com/mrmainelli/status/708601295490457600		# # # #	@ @ @ @ @ @ @
	. @ realDonaldTrump # CommonCore removes # Jesus and inserts Mohamad into school curriculum. # Florida # Ohio # MakeAmericaGREatAgain # TrumpTrain	NetworksManager	17	21	1457823319	708788492067807232	https://twitter.com/NetworksManager/status/708788492067807232		# # # # # #	@
	. @ nyc858 @ LeahR77 # Christians saying anything vs islam & globalism accused of inciting violence but NOBODY buying it anymore! # TrumpRally	NetworksManager	15	15	1457817040	708762154032373760	https://twitter.com/NetworksManager/status/708762154032373760		# #	@ @
	@ RedStarWarrior @ toddeherman @DoThinkTrump @ Enchantedsnowmn @ realDonaldTrump and that's the point # Americans are not gonna take this anymore	NetworksManager	1	0	1457809096	708728834762403840	https://twitter.com/NetworksManager/status/708728834762403840		#	@ @ @DoThinkTrump @ @
	. @ davidchapman141 @ dms7580 islam is a political ideology or religion that kills my people daily. So fighting it is survival not racism. # DC	NetworksManager	10	10	1457804696	708710379086618625	https://twitter.com/NetworksManager/status/708710379086618625		#	@ @
	@ davidchapman141 every single 1 of us is still supporting # Trump2016 & we got a few more after # trumprallychi. # TrumpTrain # DC # TrumpRally	NetworksManager	2	2	1457800527	708692895616909314	https://twitter.com/NetworksManager/status/708692895616909314		# # # # #	@
	LIVE Stream: Donald # TrumpRally in # OH (3-12-16) Post # Chicago https://youtu.be/CQAGV90bHrA # MakeAmericaGREatAgain # DC # chicago # trumprallychi	NetworksManager	8	6	1457799964	708690531652673536	https://twitter.com/NetworksManager/status/708690531652673536		# # # # # # #	
	# LIVE Stream: @ realDonaldTrump Rally in # Vandalia # OH (3-12-16) Post # Chicago Chaos # TrumpTrain # Trump2016 # DC # NYC http://www.youtube.com/watch?v=CQAGV90bHrA&sns=tw …	NetworksManager	16	18	1457798822	708685740864102400	https://twitter.com/NetworksManager/status/708685740864102400		# # # # # # # #	@
	. @ ToddHallow428 @ dovorah001 @ moonbeamsnajar @ Lrihendry I'm in # DC & # Hillary will win # elections2016 if not @ realDonaldTrump. # CruzCrew # GOP	NetworksManager	4	2	1457790981	708652854358179840	https://twitter.com/NetworksManager/status/708652854358179840		# # # # #	@ @ @ @ @
	. @ ToddHallow428 @ dovorah001 @ moonbeamsnajar @ Lrihendry @ CAIRNational # Cruz, # Kasich + # Amnesty # Rubio need circle wagons around # Trump2016.	NetworksManager	3	3	1457789185	708645321581182976	https://twitter.com/NetworksManager/status/708645321581182976		# # # # #	@ @ @ @ @
	. @ rock2352 @ Keeblerqueen @ NatalieReyn @ DestroyerDiablo Obama has fav # socialmedia muslim boys # cair in charge in # Chicago. # DC # TrumpRally	NetworksManager	6	8	1457786886	708635677613793280	https://twitter.com/NetworksManager/status/708635677613793280		# # # # #	@ @ @ @
	@ agent_it @ Napoleonlegal @ CounterTrollist source?https://twitter.com/agent_it/status/708629183296114688 …	NetworksManager	1	0	1457786122	708632475203989505	https://twitter.com/NetworksManager/status/708632475203989505			@ @ @
	.@immigrant4trump Should hold MoveOn group accountable! @ realDonaldTrump @ RealBenCarson # TrumpRally # Chicago # DCpic.twitter.com/4hmzo4WCak	NetworksManager	17	15	1457755008	708501972694016000	https://twitter.com/NetworksManager/status/708501972694016000		# # #	@immigrant4trump @ @
	. @ genophilia Don't forget # TedCruz these guys nothing but wimps. # TrumpRally Chicago # ChiTown https://twitter.com/genophilia/status/708495112095989760 …	NetworksManager	16	11	1457754055	708497977950785536	https://twitter.com/NetworksManager/status/708497977950785536		# # #	@
	@ abnheel @ joshtpm @ RogerJStoneJr Jeff Lord	NetworksManager	1	0	1457753392	708495193897623552	https://twitter.com/NetworksManager/status/708495193897623552			@ @ @
	# TrumpRally Ted You're Fired! Again!!	NetworksManager	13	2	1457751999	708489354507853824	https://twitter.com/NetworksManager/status/708489354507853824		#	
	# TrumpRally Right now I'm so thankful for having @ RealBenCarson on the # TrumpTrain. # Pray # ChiTown @ realDonaldTrumphttps://twitter.com/networksmanager/status/708405969047437312 …	NetworksManager	23	12	1457750208	708481841154678784	https://twitter.com/NetworksManager/status/708481841154678784		# # # #	@ @
	@ RogerLHerman @ JonFeere don't forget # cairhttps://twitter.com/rogerlherman/status/708456975798030336 …	NetworksManager	5	3	1457744340	708457230199353344	https://twitter.com/NetworksManager/status/708457230199353344		#	@ @
	. # LIVE @ realDonaldTrump # Chicago Rally at the University of # Illinois # TrumpTrain # Trump2016 # DC # NYC https://youtu.be/uJtIGcZ27_g # election2016	NetworksManager	11	13	1457741267	708444339446411264	https://twitter.com/NetworksManager/status/708444339446411264		# # # # # # # #	@
	Speak for yourself. @ drmckuku @ fanfare100 @ Lov2Know @ reg1776	haydentiff	3	0	1457807474	708722032461139972	https://twitter.com/haydentiff/status/708722032461139972			@ @ @ @
ripple 	It's a new set of payment rails (not consumer facing) and the world's 1st distributed exchange. @ HeinsDan @ Ripple	haydentiff	1	2	1457804606	708710000936558597	https://twitter.com/haydentiff/status/708710000936558597			@ @
	# Priorities @ mommasaysobama @ SciencePornpic.twitter.com/ip8Q4rBfBn	haydentiff	7	8	1457799962	708690524375543809	https://twitter.com/haydentiff/status/708690524375543809		#	@ @
	And the children of Flint are STILL drinking poisoned water. Yes, zip codes matter. http://mashable.com/2016/02/28/flint-ryan-coogler/#kcqNsNWLZmqR … @ fanfare100 @ Lov2Know @ reg1776	haydentiff	6	4	1457796423	708675682067484674	https://twitter.com/haydentiff/status/708675682067484674		#kcqNsNWLZmqR	@ @ @
	What if people are wrong about # climatechange and we create a better world for nothing?pic.twitter.com/UPEOOQpGd4	haydentiff	20	18	1457795454	708671615056420865	https://twitter.com/haydentiff/status/708671615056420865		#	
	It's in your neck of the woods, no? (I'm going!) @ timpastoor	haydentiff	0	2	1457790009	708648777301803009	https://twitter.com/haydentiff/status/708648777301803009			@
	Many of those kids come from homes without food. @ fanfare100 @ Lov2Know @ Khanoisseur	haydentiff	1	2	1457761903	708530893262970880	https://twitter.com/haydentiff/status/708530893262970880			@ @ @
	The parents got the same terrible education. More than 1/2 of the adults in Detroit are illiterate. @ fanfare100 @ Lov2Know @ Khanoisseur	haydentiff	0	5	1457760791	708526230505586688	https://twitter.com/haydentiff/status/708526230505586688			@ @ @
	These are the conditions of # Detroit public schools. http://usuncut.com/class-war/detroit-teachers-want-you-to-see-these-disturbing-photos … @ fanfare100 @ Lov2Know @ reg1776	haydentiff	2	4	1457760498	708525000974708737	https://twitter.com/haydentiff/status/708525000974708737		#	@ @ @
	Children don't have that choice. They suffer. https://twitter.com/haydentiff/status/708251375365443584 … @ fanfare100 @ Lov2Know	haydentiff	2	4	1457760411	708524635172679680	https://twitter.com/haydentiff/status/708524635172679680			@ @
	Max ( @ maxkeiser) sees things other financial news commentators can't https://goo.gl/VT6Yd5  only on # KeiserReportpic.twitter.com/LxnFKqnjXC	stacyherbert	50	25	1457799392	708688134301720577	https://twitter.com/stacyherbert/status/708688134301720577		#	@
ethereum 	# KeiserReport talks to @ dan_mi_sun about a hedge fund on the Ethereum blockchain https://goo.gl/LEF7OB pic.twitter.com/N96iF68zzs	stacyherbert	23	33	1457799137	708687063881814017	https://twitter.com/stacyherbert/status/708687063881814017		#	@
	“Swiss bank account in your pocket” (coined by Obama at SXSW today) http://po.st/IJ30Wd	stacyherbert	7	4	1457795393	708671361661669378	https://twitter.com/stacyherbert/status/708671361661669378			
	LOL! https://twitter.com/coffeygrinds/status/708660026030870528 …	stacyherbert	3	1	1457792749	708660270781095938	https://twitter.com/stacyherbert/status/708660270781095938			
	Poor House of Cards writers obviously believed the totally wrong Economist and Soros. Russia supposed to be seeking bailout by now.	stacyherbert	20	10	1457791964	708656978059513857	https://twitter.com/stacyherbert/status/708656978059513857			
	@ sketchaganda lol, sweet!	stacyherbert	3	0	1457790536	708650988664651776	https://twitter.com/stacyherbert/status/708650988664651776			@
	But I read that Germans have no free will due to Putin controlling their minds?https://twitter.com/qz/status/708644007161806848 …	stacyherbert	10	4	1457788974	708644437178638336	https://twitter.com/stacyherbert/status/708644437178638336			
	@ NafeezAhmed can you do # KeiserReport interview on this topic?	stacyherbert	4	0	1457778348	708599870437920768	https://twitter.com/stacyherbert/status/708599870437920768		#	@
	Nancy Reagan.pic.twitter.com/P1qPcVuGJw	stacyherbert	31	43	1457777839	708597733163180032	https://twitter.com/stacyherbert/status/708597733163180032			
	@ liarpoliticians True!http://www.theguardian.com/business/2016/mar/11/edf-chief-executive-warns-france-over-hinkley-costs?utm_source=dlvr.it&utm_medium=twitter …	stacyherbert	0	0	1457777508	708596346568253440	https://twitter.com/stacyherbert/status/708596346568253440			@
	And the chancellor thinks throwing disabled people into the hole will stop the event horizon.https://twitter.com/FT/status/708415976304484353 …	stacyherbert	15	40	1457777333	708595610534998016	https://twitter.com/stacyherbert/status/708595610534998016			
	What the UK chancellor is actually doing is as bad as anything Trump has said. But chancellor says w/ posh accent.pic.twitter.com/NoAPXcRZZn	stacyherbert	59	133	1457777238	708595212176719872	https://twitter.com/stacyherbert/status/708595212176719872			
	US msm the worst; probably because they're so absolutely convinced that they're the best insider, beltway bros.https://twitter.com/AAMills/status/708580440387493888 …	stacyherbert	5	6	1457774368	708583177175097344	https://twitter.com/stacyherbert/status/708583177175097344			
	Trump rally, Chicago.pic.twitter.com/fiIJgprJ8M	stacyherbert	8	7	1457774278	708582799406710784	https://twitter.com/stacyherbert/status/708582799406710784			
	Um. Not the Onion. http://www.telegraph.co.uk/news/politics/georgeosborne/12191676/George-Osborne-clears-path-for-tax-cuts-in-Budget-with-1bn-benefits-raid.html …pic.twitter.com/oYNxa21jgF	stacyherbert	16	33	1457740552	708441339109752832	https://twitter.com/stacyherbert/status/708441339109752832			
	@ coffeygrinds my birthday!	stacyherbert	0	0	1457739857	708438424269807617	https://twitter.com/stacyherbert/status/708438424269807617			@
	Both left and right going fascist in Americahttp://www.theatlantic.com/politics/archive/2016/03/self-defeating-radicalism-at-western-washington-university/473316/ …	stacyherbert	21	24	1457737508	708428574081073153	https://twitter.com/stacyherbert/status/708428574081073153			
	W.T.F?https://twitter.com/sarahemclaugh/status/708335801646653440 …	stacyherbert	4	1	1457737436	708428269381656576	https://twitter.com/stacyherbert/status/708428269381656576			
	Really interesting new # blog developing from @adamnix1812 # highered # phd https://corruptorgphd.wordpress.com/	sallyeaves	0	1	1457810723	708735658110615552	https://twitter.com/sallyeaves/status/708735658110615552		# # #	@adamnix1812
	@aealessi Thanks for the info Alex, appreciate it ! :)	sallyeaves	0	0	1457803041	708703440424333312	https://twitter.com/sallyeaves/status/708703440424333312			@aealessi
	# ArtificialIntelligence - How # Google 's AlphaGo beats # chess master http://bbc.in/1RWewmB	sallyeaves	0	1	1457801630	708697521116332032	https://twitter.com/sallyeaves/status/708697521116332032		# # #	
	@ KennaMcHugh Pleasure Kenna have a great day! :)	sallyeaves	1	1	1457798819	708685732001521664	https://twitter.com/sallyeaves/status/708685732001521664			@
	@ LeeFallin Hi Lee totally agree re the importance of open to all # apprenticeships	sallyeaves	1	0	1457796973	708677987575730176	https://twitter.com/sallyeaves/status/708677987575730176		#	@
	Ooops Archie's gone digging :) @ samsBellabob # Greyhound # dogspic.twitter.com/gpHaKXKnyH	sallyeaves	2	0	1457796665	708676693909757953	https://twitter.com/sallyeaves/status/708676693909757953		# #	@
	@CDChildreachNp That would be great Tshering, I will be in touch, see you soon :)	sallyeaves	0	0	1457779774	708605851490242560	https://twitter.com/sallyeaves/status/708605851490242560			@CDChildreachNp
	@ cmontgo84143270 @CDChildreachNp Thanks Catherine and would be a pleasure Tshering! Planning visit as we speak :) Love what youre doing!	sallyeaves	0	0	1457774247	708582665952337920	https://twitter.com/sallyeaves/status/708582665952337920			@ @CDChildreachNp
	@ eliedri4u Thanks Eli :) Have a great day.	sallyeaves	0	0	1457772598	708575751503740928	https://twitter.com/sallyeaves/status/708575751503740928			@
	Inspiring developments through @ ChildreachNepal # EducationForAllhttps://twitter.com/ChildreachNepal/status/704596671687045120 …	sallyeaves	1	0	1457771451	708570939932409856	https://twitter.com/sallyeaves/status/708570939932409856		#	@
	I liked a @ YouTube video from @ dollarvigilante http://youtu.be/h5m_fW3BkYI?a  Soviet Bloc Survivor Warns Americans that the USA is the USSR	DollarVigilante	5	4	1457757774	708513575594233857	https://twitter.com/DollarVigilante/status/708513575594233857			@ @
	Soviet Bloc Survivor Warns Americans that the USA is the USSR in 1989: http://youtu.be/h5m_fW3BkYI?a  via @ YouTube	DollarVigilante	7	5	1457757124	708510849128861696	https://twitter.com/DollarVigilante/status/708510849128861696			@
	Here's hoping this is our next Edelman/Amendola. @ Patriotspic.twitter.com/llc8wgCBgV	readDanwrite	1	0	1457822402	708784643689078786	https://twitter.com/readDanwrite/status/708784643689078786			@
	speaking of 'product hunting' check out these up-and-coming useful apps from people I know: @ bstowapp @ GypsyCircle @ getkard.	readDanwrite	4	3	1457817020	708762072184705025	https://twitter.com/readDanwrite/status/708762072184705025			@ @ @
	I'm doing a @ ProductHunt live chat on Thursday. sign up, ask me anything, we'll have fun.https://www.producthunt.com/live/daniel-roberts …	readDanwrite	8	3	1457816878	708761474064375813	https://twitter.com/readDanwrite/status/708761474064375813			@
	new @ Weezer video is very very awesome, as @ GQMagazine @ andrewlgoble points out http://www.gq.com/story/weezer-california-kids-video … # damndaniel	readDanwrite	6	2	1457811927	708740710699307008	https://twitter.com/readDanwrite/status/708740710699307008		#	@ @ @
	I have long had a (dumb, inexplicable) rule that I follow < 1,000 people. but every week I discover new interesting ppl, so it gets tough!	readDanwrite	4	0	1457805619	708714251171602432	https://twitter.com/readDanwrite/status/708714251171602432			
	daddypic.twitter.com/F10JoNTkew	readDanwrite	7	0	1457801797	708698219254050816	https://twitter.com/readDanwrite/status/708698219254050816			
	I'm not sure if there exists a better more restorative thing for the human body than sleeping for 10+ hours	readDanwrite	8	1	1457800769	708693909145264130	https://twitter.com/readDanwrite/status/708693909145264130			
	@ JamesGDAngelo The main point of cryptocurrency was the recognition that trusted third parties are security holes (https://szabo.best.vwh.net/ttps.html ).	NickSzabo4	4	3	1457821340	708780189333913600	https://twitter.com/NickSzabo4/status/708780189333913600			@
	@ JamesGDAngelo Only when that analysis reaches its limits should one fall back on less robust assumptions for the remaining fraction.	NickSzabo4	2	2	1457820902	708778351410872320	https://twitter.com/NickSzabo4/status/708778351410872320			@
	@ JamesGDAngelo The first and most important line of analysis must be protecting against as many arbitrarily malicious actors as possible.	NickSzabo4	2	3	1457820760	708777758168453122	https://twitter.com/NickSzabo4/status/708777758168453122			@
	"@ JamesGDAngelo That said, if the ""rational actor"" assumption is the sole basis for declaring a system secure, it's certainly not secure."	NickSzabo4	3	2	1457820716	708777574848016384	https://twitter.com/NickSzabo4/status/708777574848016384			@
	@ JamesGDAngelo It should if it existed. But there's no such thing as a completely trustless system.	NickSzabo4	2	2	1457820617	708777157904900097	https://twitter.com/NickSzabo4/status/708777157904900097			@
	Form-minimized commerce: http://unenumerated.blogspot.com.au/2015/10/minimizing-consumer-worry.html … Example: https://etherapis.io/	NickSzabo4	7	4	1457800633	708693337935511552	https://twitter.com/NickSzabo4/status/708693337935511552			
	Bank Seeks # Fintech Deals http://www.nasdaq.com/article/bank-seeks-fintech-deals-20160312-00005 …pic.twitter.com/VhqzghYOdj	sbmeunier	2	3	1457817311	708763292894928896	https://twitter.com/sbmeunier/status/708763292894928896		#	
	Good move -> Capital One Launches First True Open Banking Platform in US # openbanking # fintechhttp://www.programmableweb.com/news/capital-one-launches-first-true-open-banking-platform-u.s./2016/03/11 …	sbmeunier	7	9	1457811306	708738106174939136	https://twitter.com/sbmeunier/status/708738106174939136		# #	
	Human champ crushed -> the sadness & beauty of watching Googles AlphaGo play # machinelearning # AI http://www.wired.com/2016/03/sadness-beauty-watching-googles-ai-play-go/ …	sbmeunier	2	0	1457805912	708715480090025984	https://twitter.com/sbmeunier/status/708715480090025984		# #	
	The RegTech ecosystem: in depth analysis (part 3 of 3) # fintech # regtech @ jwg_group http://ow.ly/ZnPY4	sbmeunier	2	3	1457802706	708702031465345024	https://twitter.com/sbmeunier/status/708702031465345024		# #	@
bitcoin 	A Bitcoin-Style Currency for Central Banks # fintech # cryptocurrencieshttps://www.technologyreview.com/s/600980/a-bitcoin-style-currency-for-central-banks/ …	sbmeunier	1	3	1457799611	708689051268849664	https://twitter.com/sbmeunier/status/708689051268849664		# #	
	True # AI is closer than we know # machinelearning http://techcrunch.com/2016/03/11/ai-so-hot-right-now/ …	sbmeunier	0	1	1457796618	708676497922519040	https://twitter.com/sbmeunier/status/708676497922519040		# #	
bitcoin 	Bitcoin, The # Blockchain And The Future Of 'Decentralized' Conglomerates # fintechhttp://www.forbes.com/sites/rogeraitken/2016/03/10/bitcoin-3-0-tech-bitshares-built-on-decentralized-conglomerate-platform-surges/?utm_content=buffer0f4a8&utm_medium=social&utm_source=twitter.com&utm_campaign=buffer#63a6627939f8 …	sbmeunier	3	4	1457794823	708668968786128900	https://twitter.com/sbmeunier/status/708668968786128900		# # #63a6627939f8	
	ICYMI: interesting survey by Euromoney about # Blockchain tech # fintech http://ow.ly/ZnDll pic.twitter.com/JXelQru7bY	sbmeunier	7	12	1457793012	708661372444385280	https://twitter.com/sbmeunier/status/708661372444385280		# #	
	The Dark Side of The Digital Revolution? # fintech @ letstalkpaymntshttp://ow.ly/Znzpn	sbmeunier	5	3	1457790309	708650035316199424	https://twitter.com/sbmeunier/status/708650035316199424		#	@
bitcoin 	With @21 # micropayments marketplace, you can buy & sell API calls for # bitcoin! # fintechhttps://medium.com/@21/the-first-micropayments-marketplace-38c321127d12#.f08m7xdt2 …	sbmeunier	5	5	1457786059	708632212766326785	https://twitter.com/sbmeunier/status/708632212766326785		# # # #	@21 @21
	Forget fin, forget tech, focus on the client! by @ LedaGlyptis # fintech @ bankingtechno http://ow.ly/Zle6U	sbmeunier	3	4	1457784919	708627430483820545	https://twitter.com/sbmeunier/status/708627430483820545		#	@ @
	raw chicken or donald trump? future # POTUS y'allpic.twitter.com/XrKnbDsjml	Melt_Dem	5	4	1457822519	708785133562765312	https://twitter.com/Melt_Dem/status/708785133562765312		#	
bitcoin 	"""the industry has reached its apogee of insanity, absurdity and self flagellation"" - scathing review of # bitcoin -http://wallstreettechnologist.com/2016/03/12/roundtables-vs-honey-badger-0-2/ …"	Melt_Dem	1	0	1457816751	708760940792168448	https://twitter.com/Melt_Dem/status/708760940792168448		#	
	@ teachmebtc @ SunnyStartups except unroll.me sends me an email every single day to review the 600+ pieces of daily garbage subscriptions	Melt_Dem	0	0	1457816697	708760716543664128	https://twitter.com/Melt_Dem/status/708760716543664128			@ @
	@ beaulaskey @ Starbucks that's some hero status ish right there!	Melt_Dem	0	0	1457812307	708742303423275008	https://twitter.com/Melt_Dem/status/708742303423275008			@ @
	what's with every f-ing app, product, service, and store auto-subscribing me to a newsletter? the assault on my inbox is giving me anxiety!	Melt_Dem	6	1	1457803133	708703824542900224	https://twitter.com/Melt_Dem/status/708703824542900224			
	@ avishbhama potato pohtahtoe - but yes	Melt_Dem	1	0	1457749051	708476988986695680	https://twitter.com/Melt_Dem/status/708476988986695680			@
bitcoin 	# bitcoin has been rough, but talking to people in the community gets me excited for the future - sum is greater than the parts bitcoiners!	Melt_Dem	11	3	1457748774	708475825281220608	https://twitter.com/Melt_Dem/status/708475825281220608		#	
bitcoin 	@ brianchoffman @ balajis @ bitstein @ openbazaar this # bitcoin love makes me so hopeful for the future	Melt_Dem	11	3	1457748393	708474229449220097	https://twitter.com/Melt_Dem/status/708474229449220097		#	@ @ @ @
bitcoin 	@ maxkeiser hah @ barrysilbert is always # bitcoin quote worthy!	Melt_Dem	0	0	1457748297	708473825114132481	https://twitter.com/Melt_Dem/status/708473825114132481		#	@ @
bitcoin 	the always thoughtful @ balajis and team @21 went and did it again! moving # bitcoin forward -https://medium.com/@21/the-first-micropayments-marketplace-38c321127d12#.w6ckyhu8r …	Melt_Dem	11	13	1457747693	708471290634567681	https://twitter.com/Melt_Dem/status/708471290634567681		# #	@ @21 @21
	"love this so much. ""i'm the president.""https://twitter.com/mashable/status/708411042506870784 …"	Melt_Dem	3	0	1457747354	708469868891344896	https://twitter.com/Melt_Dem/status/708469868891344896			
	First # Modelx # tesla sighting. It looks like a pumped up Model S. Very cool! Missed the picture. Eating in Santa Monica. $ tsla	GerberKawasaki	10	0	1457820008	708774603519176704	https://twitter.com/GerberKawasaki/status/708774603519176704		# #	
	@ jimcramer another way to continue to kill your margins. When will Amazon learn. # delivery $ amzn	GerberKawasaki	2	0	1457812382	708742618511872001	https://twitter.com/GerberKawasaki/status/708742618511872001		#	@
	@ frankie_belma it depends on the amount of money and type of security. No one size fits all.	GerberKawasaki	1	0	1457812102	708741442814873600	https://twitter.com/GerberKawasaki/status/708741442814873600			@
	My day is made, a tweet from @ whoismrrobot # MrRobotSXSWhttps://twitter.com/whoismrrobot/status/708708848056590336 …	GerberKawasaki	3	1	1457811980	708740932858830848	https://twitter.com/GerberKawasaki/status/708740932858830848		#	@
	@ jakekrezmien I support peaceful protest. We must protest against Stalin # Trump	GerberKawasaki	4	0	1457804309	708708756683509760	https://twitter.com/GerberKawasaki/status/708708756683509760		#	@
	The oldest living man is a Jewish Holocaust survivor who is 112. Amazing story of survival. NEVER FORGET. - CNNhttps://apple.news/AAuOwnThvN-uf7CCsLRwJMA …	GerberKawasaki	13	6	1457804051	708707675131891712	https://twitter.com/GerberKawasaki/status/708707675131891712			
	@ CoryBroz outsider ok. But a racist bigot. That's not ok.	GerberKawasaki	1	0	1457803855	708706851945230336	https://twitter.com/GerberKawasaki/status/708706851945230336			@
	Very cool. # swsx # MrRobothttps://twitter.com/jboorstin/status/708705294960840708 …	GerberKawasaki	1	1	1457803673	708706088623865856	https://twitter.com/GerberKawasaki/status/708706088623865856		# #	
	@ bunnellaj no they do not. It shows people won't put up with it. We should protest every stop. We must fight back and take our country back.	GerberKawasaki	1	0	1457803563	708705626457649153	https://twitter.com/GerberKawasaki/status/708705626457649153			@
	@ baileysd76 @ PrisonPlanet No. We are not but we must rise up against this fascist # Trump. We must bring him down. It's what we must do.	GerberKawasaki	1	0	1457803503	708705375067836416	https://twitter.com/GerberKawasaki/status/708705375067836416		#	@ @
	Trading all the time is a suckers game. Don't pay attention to all the trading noise. Every huge account I look at. Long term positions.	GerberKawasaki	4	4	1457803432	708705078601846784	https://twitter.com/GerberKawasaki/status/708705078601846784			
	Investment advice for the day. Pretend a public company is private. Buy it with a 3 yr hold. Don't look at daily prices. You'll do better.	GerberKawasaki	20	3	1457803364	708704794836205568	https://twitter.com/GerberKawasaki/status/708704794836205568			
	Going to be a lot more of this as the anti # Trump movement goes into full swing. We must stop this mad man.https://twitter.com/prisonplanet/status/708702546878210048 …	GerberKawasaki	4	2	1457803262	708704364257357825	https://twitter.com/GerberKawasaki/status/708704364257357825		#	
	Pre # Coachella warm up. # music # gunsandroses Thanks @ mcubanhttps://twitter.com/axstvconcerts/status/708654155477471232 …	GerberKawasaki	4	0	1457792022	708657219789660160	https://twitter.com/GerberKawasaki/status/708657219789660160		# # #	@
	Look at this # Russian murder # mystery http://bloom.bg/1LfmOXB	GerberKawasaki	2	0	1457766794	708551407578710017	https://twitter.com/GerberKawasaki/status/708551407578710017		# #	
	@ parkejh not # ucla # basketball.	GerberKawasaki	0	0	1457764386	708541306327277570	https://twitter.com/GerberKawasaki/status/708541306327277570		# #	@
	That's awesome. Great job!https://twitter.com/parkejh/status/708464885055692800 …	GerberKawasaki	1	1	1457764335	708541095630647296	https://twitter.com/GerberKawasaki/status/708541095630647296			
	Thanks ! Have a great weekend @ IDollyLenzhttps://twitter.com/idollylenz/status/708454975203119108 …	GerberKawasaki	1	1	1457764276	708540846409277440	https://twitter.com/GerberKawasaki/status/708540846409277440			@
	@ DaLegend_Mando start a systematic savings plan. You must save to be a self made millionaire.	GerberKawasaki	0	0	1457764089	708540062019923968	https://twitter.com/GerberKawasaki/status/708540062019923968			@
	@ baileysd76 Thats true. We'll see if it breaks out in the next few weeks. Sentiment has changed for the better. Lets hope # oil holds.	GerberKawasaki	1	0	1457743858	708455208641273857	https://twitter.com/GerberKawasaki/status/708455208641273857		#	@
	@ JeffersonHumber Try it. Its so immersive. # VR	GerberKawasaki	2	0	1457743787	708454908429783040	https://twitter.com/GerberKawasaki/status/708454908429783040		#	@
	@ jimmie_richards @ IBTimes I love it. # VR	GerberKawasaki	0	0	1457743764	708454810908037120	https://twitter.com/GerberKawasaki/status/708454810908037120		#	@ @
	@ hatemdhiab Said by a french man who moved to America!	GerberKawasaki	1	0	1457743746	708454736165543938	https://twitter.com/GerberKawasaki/status/708454736165543938			@
	My spot from @ CNBC this week talking opportunities in the markets. $ AAPL $ FB $ NFLXhttp://video.cnbc.com/gallery/?video=3000500230 …	GerberKawasaki	7	3	1457743603	708454137718042624	https://twitter.com/GerberKawasaki/status/708454137718042624			@
	Actually I like this version of After Midnight with Eric Clapton and JJ Cale. # music # greats https://www.youtube.com/watch?v=5WUeOEkl270&ebc=ANyPxKqeVa7vkKenH3lcUslC50uvVmimeXRs0gqqachOzJu1Ae235FtTzYh90Y11idoCsSpxBSkUhLGf6HxistuSi3gbQPlo0Q …	GerberKawasaki	3	1	1457743009	708451645290635264	https://twitter.com/GerberKawasaki/status/708451645290635264		# #	
	Perfect for friday afternoon. Enjoy. # musichttps://twitter.com/Jesse_Livermore/status/708448109550940160 …	GerberKawasaki	2	1	1457742212	708448304934293506	https://twitter.com/GerberKawasaki/status/708448304934293506		#	
	Thank you Garry Kasparov for this articluate discussions of the falicy of socialism # BernieSanders is a disaster. http://www.thedailybeast.com/articles/2016/03/10/garry-kasparov-hey-bernie-don-t-lecture-me-about-socialism-i-lived-through-it.html …	GerberKawasaki	5	3	1457742182	708448178106978304	https://twitter.com/GerberKawasaki/status/708448178106978304		#	
	Im quoted talking the future of # VR and advertising in the @ IBTimes $ FBhttp://www.ibtimes.com/vr-advertising-might-make-car-commercials-lot-more-fun-2334537 …	GerberKawasaki	3	2	1457740095	708439424099553285	https://twitter.com/GerberKawasaki/status/708439424099553285		#	@
	Here is the article on # Coachella and # VR # Music http://pitchfork.com/news/64077-coachella-announces-virtual-reality-app/ …	GerberKawasaki	0	7	1457739702	708437777470386176	https://twitter.com/GerberKawasaki/status/708437777470386176		# # #	
	# VR is taking over the world now # Coachella in # VirtualReality Ticket holders are getting a Cardboard & can enjoy highlights in VR # music	GerberKawasaki	3	3	1457739677	708437668980531200	https://twitter.com/GerberKawasaki/status/708437668980531200		# # # #	
	# FinTech fever is changing the dynamics in the financial service industry http://bit.ly/1Qgijf9 # UBSinnovate https://goo.gl/3yLmj9	obussmann	5	6	1457822504	708785072195809281	https://twitter.com/obussmann/status/708785072195809281		# #	
	# FinTech disruption: # FinTech Startup Ecosystem http://bit.ly/1MQfSzr @ VentureScanner # UBSinnovate	obussmann	4	4	1457821530	708780986067079168	https://twitter.com/obussmann/status/708780986067079168		# # #	@
	# FinTech disruption: Great # Blockchain ecosystem overview https://goo.gl/QE4rF2	obussmann	2	6	1457821038	708778921987166208	https://twitter.com/obussmann/status/708778921987166208		# #	
	How can we close the social media skills gap? http://bit.ly/1Xi3sBM	obussmann	0	1	1457809938	708732366970294272	https://twitter.com/obussmann/status/708732366970294272			
	Good read: Deloitte’s seventh annual Tech Trends report identifies eight trends that are likely to disrupt http://bit.ly/24ULtac # FinTech	obussmann	6	4	1457798889	708686025896423425	https://twitter.com/obussmann/status/708686025896423425		#	
	What is # blockchain, how will it disrupt banking? http://wef.ch/1iNVrWK # fintech via @ wef https://goo.gl/kXfcBG	obussmann	3	3	1457797328	708679478088585218	https://twitter.com/obussmann/status/708679478088585218		# #	@
bitcoin 	Bitcoin, The # Blockchain And The Future Of 'Decentralized' Conglomerates - Forbes http://onforb.es/24UtkcN # Fintech	obussmann	14	17	1457777112	708594683224715265	https://twitter.com/obussmann/status/708594683224715265		# #	
	Blockchain Payment Systems Will Reach Scale of ACH Network in 2025, Says Deloitte | Myinforms http://bit.ly/21lV9pQ	obussmann	7	8	1457773693	708580345239756800	https://twitter.com/obussmann/status/708580345239756800			
	MIS-Asia - Blockchain empowers cross-border securities transactions http://bit.ly/1QGdYT4	obussmann	2	2	1457737746	708429572279300097	https://twitter.com/obussmann/status/708429572279300097			
	Reddit Users Were Asked To Sum Up Their First Sexual Experience With A GIF. The Responses Were Magnificent (SFW) http://tagroom.com/uncategorised/reddit-users-were-asked-to-sum-up-their-first-sexual-experience-with-a-gif-the-responses-were-magnificent-sfw/ …	Chris_Skinner	2	1	1457794545	708667802593435648	https://twitter.com/Chris_Skinner/status/708667802593435648			
	Online lender SoFi starts hedge fund to invest in its loans - SFGatehttp://m.sfgate.com/business/article/Online-lender-SoFi-starts-hedge-fund-to-invest-in-6885222.php …	Chris_Skinner	4	2	1457793775	708664574233468928	https://twitter.com/Chris_Skinner/status/708664574233468928			
	@ davidbrear @ stevegraham @ JasonBates @ sytaylor @ mattlehrer ouch	Chris_Skinner	0	0	1457790623	708651354395385856	https://twitter.com/Chris_Skinner/status/708651354395385856			@ @ @ @ @
	A timeline of artificial intelligence victories, from 1997-3041 http://www.theverge.com/2016/3/11/11208078/lee-se-dol-go-google-kasparov-jennings-ai …	Chris_Skinner	3	2	1457788771	708643585302913024	https://twitter.com/Chris_Skinner/status/708643585302913024			
	Artificial intelligence: Google's AlphaGo beats Go master Lee Se-dol - a step forward for computerkind http://www.bbc.co.uk/news/technology-35785875 …	Chris_Skinner	0	3	1457777456	708596128351174656	https://twitter.com/Chris_Skinner/status/708596128351174656			
	Get the # ValueWeb http://www.amazon.com/ValueWeb-Chris-Skinner/dp/9814677175/ref=sr_1_1?s=books&ie=UTF8&qid=1453905389&sr=1-1&keywords=valueweb …pic.twitter.com/4s8OOFNGlj	Chris_Skinner	33	25	1457771269	708570178234281984	https://twitter.com/Chris_Skinner/status/708570178234281984		#	
	@ mikemaccana ooo I like that ;)	davidbrear	2	0	1457811995	708740993072414720	https://twitter.com/davidbrear/status/708740993072414720			@
	A timeline of artificial intelligence victories, from 1997-3041: http://www.theverge.com/2016/3/11/11208078/lee-se-dol-go-google-kasparov-jennings-ai … # AI	davidbrear	6	6	1457810005	708732646554263555	https://twitter.com/davidbrear/status/708732646554263555		#	
	"@ stevegraham @ mikekelly85 @ JasonBates @ sytaylor @ Chris_Skinner if you're in the middle of ""something"" then I'm sorry but think about it."	davidbrear	1	0	1457797682	708680959382654976	https://twitter.com/davidbrear/status/708680959382654976			@ @ @ @ @
	@ stevegraham @ mikekelly85 @ JasonBates @ sytaylor @ Chris_Skinner I've just read back through your last few days. Don't burn all your bridges.	davidbrear	0	0	1457797655	708680846941802496	https://twitter.com/davidbrear/status/708680846941802496			@ @ @ @ @
	@ stevegraham @ mikekelly85 @ JasonBates @ sytaylor @ Chris_Skinner lol!! Best of luck Steven.	davidbrear	0	0	1457796618	708676497503076352	https://twitter.com/davidbrear/status/708676497503076352			@ @ @ @ @
	@ mikekelly85 @ stevegraham @ JasonBates @ sytaylor @ Chris_Skinner drop me a DM.	davidbrear	0	0	1457792463	708659069578510337	https://twitter.com/davidbrear/status/708659069578510337			@ @ @ @ @
	@ mikekelly85 @ stevegraham @ JasonBates @ sytaylor @ Chris_Skinner Open Payments Ecosystem. With EU backing/funding they've some v smart things.	davidbrear	0	0	1457791843	708656468736794624	https://twitter.com/davidbrear/status/708656468736794624			@ @ @ @ @
	@ mikekelly85 @ stevegraham @ JasonBates @ sytaylor @ Chris_Skinner really? I've been playing with an Alpha and it's good?	davidbrear	0	0	1457791512	708655082884231169	https://twitter.com/davidbrear/status/708655082884231169			@ @ @ @ @
	@ ConorMcAleavey @ NorwichCityFC so far so good.	davidbrear	0	0	1457791231	708653903894745089	https://twitter.com/davidbrear/status/708653903894745089			@ @
	@ stevegraham @ JasonBates @ sytaylor @ mattlehrer @ Chris_Skinner doesn't the work the EU are doing with OPE make your product irrelevant?	davidbrear	0	0	1457790433	708650555397304320	https://twitter.com/davidbrear/status/708650555397304320			@ @ @ @ @
	@ daveg strikes about 24/7 tubes won't be helping them. What will we all do when all our jobs are done by robots?!	davidbrear	0	0	1457789881	708648240569327616	https://twitter.com/davidbrear/status/708648240569327616			@
	@ stevegraham @ JasonBates @ sytaylor @ mattlehrer @ Chris_Skinner seems a bit out of order. How's the API company doing Stevie?	davidbrear	0	0	1457789792	708647868056346624	https://twitter.com/davidbrear/status/708647868056346624			@ @ @ @ @
	# OTBC Come on @ NorwichCityFC - We've nothing to lose today but everything to gain :)	davidbrear	0	0	1457786710	708634940112506880	https://twitter.com/davidbrear/status/708634940112506880		#	@
	@ daveg wish they were closer... Got told the tube was delayed the other day because the driver didn't turn up!!	davidbrear	1	0	1457784368	708625120072437760	https://twitter.com/davidbrear/status/708625120072437760			@
	# Driverless Cars On UK Motorways Next Year # Tech http://news.sky.com/story/1658403/driverless-cars-on-uk-motorways-next-year …pic.twitter.com/32hLiRMwGS	davidbrear	4	9	1457780460	708608725792108544	https://twitter.com/davidbrear/status/708608725792108544		# #	
	Earl Sinclair performs Hypnotize by The Notorious B.I.G. This made me laugh... A lot. # fb http://youtu.be/-v2mvO7Yq48	davidbrear	1	1	1457765824	708547340089597952	https://twitter.com/davidbrear/status/708547340089597952		#	
	"""...sexual slavery as they believe it was practiced during the Prophet Muhammad’s time..."" deperoprova is from 1967 http://www.nytimes.com/2016/03/13/world/middleeast/to-maintain-supply-of-sex-slaves-isis-pushes-birth-control.html?hp&action=click&pgtype=Homepage&clickSource=story-heading&module=photo-spot-region&region=top-news&WT.nav=top-news&_r=5&utm_source=fark&utm_medium=website&utm_content=link …"	dgwbirch	0	0	1457817201	708762831697678336	https://twitter.com/dgwbirch/status/708762831697678336			
	Now here's a man with plan. He bought an Enigma machine. http://www.nydailynews.com/new-york/nyc-crime/brooklyn-man-arrested-hauling-3g-pounds-pot-article-1.2561971?utm_source=fark&utm_medium=website&utm_content=link …	dgwbirch	2	0	1457816799	708761142911488001	https://twitter.com/dgwbirch/status/708761142911488001			
	Of course, the people who paid by credit card will get their money back… https://twitter.com/cgledhill/status/708749259361951745 … # EmergencyIronyOverloadAlert	dgwbirch	3	6	1457815798	708756946799697920	https://twitter.com/dgwbirch/status/708756946799697920		#	
	@ BenedictEvans “an abstract intellectual question”? I wouldn’t characterise it so. Henson petitioned parliament to start airmail in 1840s!	dgwbirch	0	0	1457814427	708751193384882176	https://twitter.com/dgwbirch/status/708751193384882176			@
	@ alexvans White Punks on the District Line, so to speak	dgwbirch	1	0	1457813264	708746317124788226	https://twitter.com/dgwbirch/status/708746317124788226			@
	# Occupied S01E07 when the chips are down and the Russians invade, the EU hang Norway out to dry!	dgwbirch	0	0	1457813195	708746027004727298	https://twitter.com/dgwbirch/status/708746027004727298		#	
	I hope the # Brexit fans who want us to be like Norway are watching # Occupied http://www.imdb.com/title/tt4192998/ … great Scandi telly	dgwbirch	3	1	1457812146	708741627393789953	https://twitter.com/dgwbirch/status/708741627393789953		# #	
	Big Bother is watching youpic.twitter.com/SU45Ya16Ja	dgwbirch	8	1	1457811913	708740650246742018	https://twitter.com/dgwbirch/status/708740650246742018			
	Live: Woking, Surreypic.twitter.com/kLmkUG5f5y	dgwbirch	1	1	1457811805	708740195982700544	https://twitter.com/dgwbirch/status/708740195982700544			
	@ diane1859 I'm not sure we're supposed to take any of them seriously. When the robots take over, philosophy will vanish.	dgwbirch	0	0	1457810432	708734436641271808	https://twitter.com/dgwbirch/status/708734436641271808			@
	Why will no-one listen to me about replacing Trident with fleets of killer Robo-bees with polonium stings?https://twitter.com/thenextweb/status/646048555317092352 …	dgwbirch	4	3	1457810087	708732990835335168	https://twitter.com/dgwbirch/status/708732990835335168			
	# EVECHE goodness me Costa really is a silly boy	dgwbirch	0	0	1457810002	708732636425011201	https://twitter.com/dgwbirch/status/708732636425011201		#	
	@ LondonFintech @ Suitpossum @ longshortmag so why do people queue to use an ATM rather the talk to a teller?	dgwbirch	0	0	1457809244	708729456110731265	https://twitter.com/dgwbirch/status/708729456110731265			@ @ @
	# EVECHE perfect example of where video replay works: ball gone out, in the time to retrieve it video ref would have seen Lennon last touch	dgwbirch	1	0	1457808292	708725464207134722	https://twitter.com/dgwbirch/status/708725464207134722		#	
	Loving Joe Bonamassa on the Paul Jones show. Friday night on a delayed flight, how did we cope before iPods/iPhones?	dgwbirch	1	0	1457803085	708703621916053504	https://twitter.com/dgwbirch/status/708703621916053504			
	Enjoyable chat with @ martinstanford at @ SkyNews today. For more about central banks and cryptocurrency, start here http://www.chyp.com/are-central-banks-a-relic-of-the-industrial-revolution/ …	dgwbirch	1	1	1457792167	708657828823752705	https://twitter.com/dgwbirch/status/708657828823752705			@ @
	# NORMNC Ageuro really is a cut above but how much longer are they going to give Bony?	dgwbirch	0	0	1457790796	708652077334073346	https://twitter.com/dgwbirch/status/708652077334073346		#	
	What an unusual story. £1 billion UK govt IT initiative turns out to be waste of money.https://twitter.com/ridt/status/708629784528609281 …	dgwbirch	4	0	1457786251	708633017300946944	https://twitter.com/dgwbirch/status/708633017300946944			
	More background reading for @ skynews # digitalview Should the Bank of England go for Britcoin or Brit-PESA? http://buff.ly/1V0DvYO	dgwbirch	2	1	1457780117	708607290019082240	https://twitter.com/dgwbirch/status/708607290019082240		#	@
	More background reading for @ skynews # digitalview The UK govt's Walpole report on the blockchain http://buff.ly/1RFx3B2	dgwbirch	2	0	1457779818	708606033757933568	https://twitter.com/dgwbirch/status/708606033757933568		#	@
	More background reading for @ skynews # digitalview Are central banks a relic of the Industrial Revolution? http://buff.ly/1RdTixs	dgwbirch	0	1	1457779440	708604449061740544	https://twitter.com/dgwbirch/status/708604449061740544		#	@
	Some background reading for @ skynews # digitalview China, cash and cryptocurrency http://buff.ly/228bwMn	dgwbirch	1	2	1457779203	708603454571352064	https://twitter.com/dgwbirch/status/708603454571352064		#	@
	Some background reading for @ skynews # digitalview why is the Bank of England looking at blockchain technology? http://buff.ly/1LYe1t6	dgwbirch	7	3	1457778926	708602291394387969	https://twitter.com/dgwbirch/status/708602291394387969		#	@
	@ Steve_Lockstep @ timpastoor I feel a blog post coming on	dgwbirch	0	0	1457778383	708600016391303169	https://twitter.com/dgwbirch/status/708600016391303169			@ @
	"Live in five Sky News ""Digital View: News For Plugged-In Generation"" http://buff.ly/228acJs"	dgwbirch	1	0	1457778312	708599719048695808	https://twitter.com/dgwbirch/status/708599719048695808			
	@ EuroPaySummit guys it's @ verolange	dgwbirch	1	0	1457764981	708543804375179264	https://twitter.com/dgwbirch/status/708543804375179264			@ @
ethereum 	Congrats @ VitalikButerin & @ ethereumproject team for reaching $1B market cap in 28 months: best startup success story with no VC funding.	wmougayar	109	53	1457805456	708713568095576065	https://twitter.com/wmougayar/status/708713568095576065			@ @
	@ JasonBates @ mattlehrer @ davidbrear @ Chris_Skinner I think they're just proud of being big and having half decent documentation.	sytaylor	2	0	1457740484	708441055843250177	https://twitter.com/sytaylor/status/708441055843250177			@ @ @ @
	From 2014... http://www.sytaylor.net/2014/04/21/the-bank-to-developer-b2d-sdk/ … # justsayin @ mattlehrer @ davidbrear @ Chris_Skinner	sytaylor	4	1	1457739126	708435360448172032	https://twitter.com/sytaylor/status/708435360448172032		#	@ @ @
	Capital one launches API banking platform at sxsw cc @ davidbrear @ Chris_Skinner http://www.programmableweb.com/news/capital-one-launches-first-true-open-banking-platform-u.s./2016/03/11 …?	sytaylor	15	19	1457738418	708432390750904320	https://twitter.com/sytaylor/status/708432390750904320			@ @
	Julian's # Daily # Audio # Blog (DAB) Session 12: Why unrealistic goals are important to win http://bit.ly/1QLdjyi # goalsetting # dreambig	julianhosp	0	0	1457795767	708672931086405632	https://twitter.com/julianhosp/status/708672931086405632		# # # # #	
	Ideas are cheap! Execution is what counts! Whats ur input?pic.twitter.com/DdCfZGvfFj	julianhosp	0	0	1457778845	708601954793082880	https://twitter.com/julianhosp/status/708601954793082880			
	Yeah, thats a tux with sneakers... Left my leather boots off to a sick black-tie event!… https://www.instagram.com/p/BC2SrG3iuuJ/	julianhosp	0	0	1457775673	708588647340187648	https://twitter.com/julianhosp/status/708588647340187648			
	Never let mediocrity drag you down! # biggoals # hustle # dreambig # neverstop https://www.instagram.com/p/BC1f4vaiuio/	julianhosp	0	0	1457749046	708476965150466048	https://twitter.com/julianhosp/status/708476965150466048		# # # #	
	Un programme plutôt alléchant > États Généraux de la Révolution Numérique http://www.egrn.fr/ pic.twitter.com/JayLJWKWY4	PierreTran	1	0	1457739800	708438188646215680	https://twitter.com/PierreTran/status/708438188646215680			
	Ce site est de toute beauté ! http://www.fibersensing.com/ pic.twitter.com/bvX9LlIIPi	PierreTran	3	0	1457738737	708433729069277184	https://twitter.com/PierreTran/status/708433729069277184			
	Merci ! # FF @ jbonnel @ Sophiecuisine @ ARodamelAvocate @ jeanlucgonzalez @ LesNapoleons @ RaymondMorinV2 @ Boidalon @ MOC_AllianceBD	PierreTran	3	0	1457737516	708428605999685632	https://twitter.com/PierreTran/status/708428605999685632		#	@ @ @ @ @ @ @ @
	Merci ! # FF @ ARodamelAvocate @ jbonnel @ Sophiecuisine @ jeanlucgonzalez @ LesNapoleons @ RaymondMorinV2 @ Boidalon @ MOC_AllianceBD @ GeeksMonde	PierreTran	3	0	1457737491	708428501293113345	https://twitter.com/PierreTran/status/708428501293113345		#	@ @ @ @ @ @ @ @ @
	congrats @ ninderjohal @ SignatureAward for # sig16 from all @ pathwaygroup @ ThinkFest # greatevent # alwayslearningpic.twitter.com/q5b5IYxRnk	SafarazAli	11	5	1457805023	708711753295777793	https://twitter.com/SafarazAli/status/708711753295777793		# # #	@ @ @ @
	"""Do you want to save money instead of spending? In the cashless economy the decision is not up to you.""https://twitter.com/AlenaSatoshi/status/703208849377988609 …"	jonmatonis	25	28	1457796928	708677800732057600	https://twitter.com/jonmatonis/status/708677800732057600			
	@bradknewman An altered version will not be warrant-proof http://themonetaryfuture.blogspot.com/2009/05/pgp-creator-bolts-to-hush.html?showComment=1309018784191#c7610754517237372617 …	jonmatonis	1	0	1457775285	708587019790897152	https://twitter.com/jonmatonis/status/708587019790897152		#c7610754517237372617	@bradknewman
bitcoin 	"""Wouldn't that be terrible if we lived in a world where people had privacy and control over THEIR own money?""https://www.reddit.com/r/Bitcoin/comments/4a1hcp/obama_indirectly_attacks_bitcoin_users_at_sxsw_if/ …"	jonmatonis	21	27	1457774143	708582233037266944	https://twitter.com/jonmatonis/status/708582233037266944			
	"Obama trots out the ""Four Horsemen of the Infocalypse"" https://en.wikipedia.org/wiki/Four_Horsemen_of_the_Infocalypse …https://twitter.com/SamuelPatt/status/708441427357921280 …"	jonmatonis	9	15	1457771930	708572949750665216	https://twitter.com/jonmatonis/status/708572949750665216			
	@ fluffyponyza I think it's more of an admission that govt is powerless in the face of impenetrable encryption. Astonishing. # GameOver	jonmatonis	1	0	1457771727	708572096595697664	https://twitter.com/jonmatonis/status/708572096595697664		#	@
	Hushmail is already Warrant-Proof.https://twitter.com/NPR/status/704807066993491968 …	jonmatonis	2	3	1457770111	708565319799971840	https://twitter.com/jonmatonis/status/708565319799971840			
	@ LuckDragon69 @ ryanxcharles Then you may sit in jail for contempt of court. But hey, you'll still have your secret keys.	jonmatonis	1	0	1457766584	708550525818642432	https://twitter.com/jonmatonis/status/708550525818642432			@ @
	. @ ziggamon @ oleganza Poor analogy for POTUS to make. A Swiss bank account in your pocket is a good thing!	jonmatonis	10	5	1457766205	708548935581888512	https://twitter.com/jonmatonis/status/708548935581888512			@ @
	@ ryanxcharles Mandatory key disclosure will be the constitutional issue of our time.	jonmatonis	6	9	1457764049	708539892989616128	https://twitter.com/jonmatonis/status/708539892989616128			@
	Consulting Firms Face Talent Shortage As Blockchain Offerings Grow - CoinDesk http://buff.ly/24VXDQe	SunnyStartups	0	1	1457754126	708498274219659264	https://twitter.com/SunnyStartups/status/708498274219659264			
	Weekend papers # easingpic.twitter.com/7v8PnqAis4	CamiRusso	9	5	1457781046	708611186250682368	https://twitter.com/CamiRusso/status/708611186250682368		#	
	Excited to be a guest speaker at the @ CodeFirstGirls class at @ Level39CW on Monday! # tech # women http://www.codefirstgirls.org.uk/blog	DianacBiggs	4	3	1457790460	708650671545966592	https://twitter.com/DianacBiggs/status/708650671545966592		# #	@ @
	@ randommood happy birthday my wonderful friend! Hope you are having a great weekend	neha	0	0	1457823304	708788427177775104	https://twitter.com/neha/status/708788427177775104			@
	@Generalstuff101 Anybody's guess. I don't like to make predictions personally.	diiorioanthony	0	0	1457809165	708729125767401472	https://twitter.com/diiorioanthony/status/708729125767401472			@Generalstuff101
bitcoin ethereum 	Ethereum is now sporting a $1 Billion marketcap & now almost half the BTC volume. Looking sharp! # ethereum # bitcoinpic.twitter.com/GUDZiA8z5n	diiorioanthony	51	45	1457779643	708605298622201856	https://twitter.com/diiorioanthony/status/708605298622201856		# #	
	Hopefully to include mortgages!https://twitter.com/savvy_woman/status/708387746142953473 …	robdgill	0	0	1457779643	708605299167502337	https://twitter.com/robdgill/status/708605299167502337			
	Mario is super again after markets stop their sulking http://www.thetimes.co.uk/tto/business/columnists/article4711260.ece …	robdgill	0	0	1457776955	708594027151691776	https://twitter.com/robdgill/status/708594027151691776			
	Time running out to donate! A great cause and the @ Coreco Climbers really gave it their all.	robdgill	0	0	1457775697	708588749999968256	https://twitter.com/robdgill/status/708588749999968256			@
	Ascent of the robots.https://twitter.com/bbcrorycj/status/708568072089690112 …	robdgill	0	0	1457772066	708573521094512640	https://twitter.com/robdgill/status/708573521094512640			
ethereum 	Nice concise explainer of a key player in opening up the potential of # blockchain technology - What is Ethereum?https://coincenter.org/2016/03/what-is-ethereum/#.VuPSCryWKhY.twitter …	robdgill	0	0	1457771209	708569925804290048	https://twitter.com/robdgill/status/708569925804290048		# #	
	Great # FINTECH Conference in # Austria: # Banken Symposium Wachau 14 April http://ow.ly/ZnEK2 @ BankSymposiumpic.twitter.com/hpPf0Re4JR	SusanneChishti	1	0	1457794096	708665918717562881	https://twitter.com/SusanneChishti/status/708665918717562881		# # #	@
	@ instigating @ GM @ getcruise @ meedabyte @ OSVehicle @ TinHangLiu @ TechCrunch concentration of wealth in an ever more complex technical milleu	leashless	1	0	1457789238	708645546391703553	https://twitter.com/leashless/status/708645546391703553			@ @ @ @ @ @ @
	@ lucasgonzalez @ STAR_TIDES oh that's not disturbing *at all*	leashless	0	0	1457789184	708645318003453952	https://twitter.com/leashless/status/708645318003453952			@ @
	“There is no Hindu baggage, as such, at all.” https://www.washingtonpost.com/news/acts-of-faith/wp/2016/03/10/what-would-a-hindu-justice-mean-for-the-supreme-court/ … Hinduism as a religion which leaves people to make up their own minds	leashless	2	0	1457783739	708622478327881728	https://twitter.com/leashless/status/708622478327881728			
	“There was an inflection point for all human beings: AI is really near us—and realize the dangers of it too.”http://www.wired.com/2016/03/sadness-beauty-watching-googles-ai-play-go/?mbid=social_fb …	leashless	8	6	1457782418	708616937744498688	https://twitter.com/leashless/status/708616937744498688			
	Schon gelesen? Bankfiliale, Kundenmanagement und 2013 http://bit.ly/1RGqD4M # lesenswert	HLeichsenring	0	0	1457818964	708770226490310656	https://twitter.com/HLeichsenring/status/708770226490310656		#	
	# SocialMedia # Banking Daily is out! http://paper.li/HLeichsenring/social-media-banking?edition_id=dc31ea50-e873-11e5-9eff-0cc47a0d1605 … Stories via @ L_A_Bettencourt @nicholasmjoel @ claireparisjazz	HLeichsenring	0	1	1457802003	708699085860159488	https://twitter.com/HLeichsenring/status/708699085860159488		# #	@ @nicholasmjoel @
	Schon gelesen? Too big to know http://bit.ly/1V0XbM7 # trends	HLeichsenring	0	0	1457790162	708649420120793088	https://twitter.com/HLeichsenring/status/708649420120793088		#	
	# Leadership Top Posts is out! http://paper.li/HLeichsenring/1341491519?edition_id=5f118290-e857-11e5-9ebb-0cc47a0d1609 … Stories via @ e2EfiEmp @ davidabrock @ JBowman1383	HLeichsenring	2	0	1457789768	708647767372128256	https://twitter.com/HLeichsenring/status/708647767372128256		#	@ @ @
	The # SocialMedia # banking Daily is out! http://paper.li/HLeichsenring/banking-2-0?edition_id=f84c7200-e82d-11e5-a16d-0cc47a0d15fd … Stories via @ GonzaloGarde @ AntoMon @ ssaa_saa	HLeichsenring	0	0	1457771986	708573184627449856	https://twitter.com/HLeichsenring/status/708573184627449856		# #	@ @ @
	Schon gelesen? Vertrauen und andere Kundenwerte http://bit.ly/1TNsSbe # studien	HLeichsenring	0	0	1457761357	708528602753724416	https://twitter.com/HLeichsenring/status/708528602753724416		#	
	Neu: Apple, Disruption, Filialen, FinTech und Blockchain -http://bit.ly/21nB4PO pic.twitter.com/3e0AY4EHBO	HLeichsenring	0	0	1457758884	708518232198684672	https://twitter.com/HLeichsenring/status/708518232198684672			
	Men should have the right to 'abort' responsibility for an unborn child, Swedish political group says http://wpo.st/5F2L1	Anne_Connelly	0	0	1457738869	708434280469368833	https://twitter.com/Anne_Connelly/status/708434280469368833			
ethereum 	Interview with Thomas Reintjes on # Ethereum, # blockchain technology and the decentralised revolution.https://twitter.com/tomtjes/status/708327267399815168 …	gavofyork	23	16	1457779327	708603976225329153	https://twitter.com/gavofyork/status/708603976225329153		# #	
	Poland's WIG20 Index completes H&S bottom $.WIG20pic.twitter.com/5i7e8AHcl8	PeterLBrandt	17	10	1457745941	708463944533278720	https://twitter.com/PeterLBrandt/status/708463944533278720			
bitcoin 	I suspect that active traders have become frustrated by bitcoin's sideways movement & are excited to see action. https://twitter.com/WhalePanda/status/708685646416777224?s=09 …	lopp	1	3	1457799563	708688851506733058	https://twitter.com/lopp/status/708688851506733058			
	For those of you who own ether, are you:	lopp	3	1	1457798612	708684860664225793	https://twitter.com/lopp/status/708684860664225793			
bitcoin 	Will ether prove to be as good a long term store of value as bitcoins?	lopp	1	5	1457798207	708683163191676929	https://twitter.com/lopp/status/708683163191676929			
	@ crypt0biwan how do u know what is lisk ico price when it hasn't ended?	onemanatatime	1	0	1457798642	708684989869625344	https://twitter.com/onemanatatime/status/708684989869625344			@
	"@ WhalePanda @ Cryptopathic tried to explain ETH to a friend who didn't know much abt BTC gave up after ""smart contracts"" drew ??? to his face"	onemanatatime	4	1	1457772706	708576203913895937	https://twitter.com/onemanatatime/status/708576203913895937			@ @
	@ goodc0re @ philfrancis77 what goes up must come down. just a matter of when. who knows when though... soon™.	onemanatatime	1	0	1457772582	708575683887239168	https://twitter.com/onemanatatime/status/708575683887239168			@ @
	IEA Says Oil Price May Have Bottomed as High-Cost Producers Cut http://bloom.bg/1Uko11c  via @ business	onemanatatime	0	0	1457769591	708563139239936000	https://twitter.com/onemanatatime/status/708563139239936000			@
bitcoin 	Maybe Microsoft's interest in # blockchain tech isn't so bullish after all...http://bitcoinist.net/microsoft-bullies-open-source-is-the-blockchain-their-next-target/ …	CryptoHustle	3	1	1457822361	708784474494935040	https://twitter.com/CryptoHustle/status/708784474494935040		#	
	Looks like $ XCP just popped...	CryptoHustle	3	0	1457805217	708712566009139200	https://twitter.com/CryptoHustle/status/708712566009139200			
	Never miss another breakout ever again...pic.twitter.com/zcXozWBMck	CryptoHustle	7	0	1457796788	708677209897054209	https://twitter.com/CryptoHustle/status/708677209897054209			
	@ miguelproulx Yes, I scaled out of BTS, still holding NXT and watching both markets like a hawk for the breakout.	CryptoHustle	0	0	1457793169	708662031386193920	https://twitter.com/CryptoHustle/status/708662031386193920			@
	@ Crypto_God True, but I'll have to give credit to @ ChrisDunnTV because he told me early in the game that this looked like a +500% move.	CryptoHustle	2	0	1457791514	708655090601558017	https://twitter.com/CryptoHustle/status/708655090601558017			@ @
	@ Crypto_God Hard to call a top when we're in uncharted territory. I was happy making a couple hundred % until I saw it pump +1000%.	CryptoHustle	1	0	1457791029	708653058545160192	https://twitter.com/CryptoHustle/status/708653058545160192			@
ethereum 	That said, I'll be the first to admit that I've underestimated this ethereum rally.	CryptoHustle	6	0	1457790678	708651582708011011	https://twitter.com/CryptoHustle/status/708651582708011011			
	Once we hit the distribution stage, the other button that goes well with this combo is...pic.twitter.com/e5nfiDSEup	CryptoHustle	1	0	1457790094	708649134635356164	https://twitter.com/CryptoHustle/status/708649134635356164			
	The ether charts look an army of people frantically pressing a big red BUY button like some mortal combat combo.pic.twitter.com/RAkgUMUmKh	CryptoHustle	3	0	1457789978	708648649081786368	https://twitter.com/CryptoHustle/status/708648649081786368			
	Personally, I don't like buying breakouts when prices are up +1000%. I'd rather buy bottomed out markets with better risk/reward.	CryptoHustle	10	0	1457756148	708506754032623616	https://twitter.com/CryptoHustle/status/708506754032623616			
	Another # ether breakout!	CryptoHustle	4	1	1457755216	708502846560337924	https://twitter.com/CryptoHustle/status/708502846560337924		#	
bitcoin 	Going live on @ WorldCryptoNet w/ @ MadBitcoins talking @ BitFuryGroup, @ SatoshiRoundtbl # Bitcoin vs. # Blockchain,http://youtu.be/llitcA2VOOY	ToneVays	3	0	1457819801	708773735126405120	https://twitter.com/ToneVays/status/708773735126405120		# #	@ @ @ @
	Let's do this! # sxsw About to go live on main stage w/ @ winklevoss &… https://www.instagram.com/p/BC1JX1TpOliaKvN2dLnus_pntMgLMlVWMJBJjU0/ …	tylerwinklevoss	6	5	1457737242	708427458358411266	https://twitter.com/tylerwinklevoss/status/708427458358411266		#	@
	@ mgerrydoyle you are so prolific	BaldingsWorld	2	0	1457790906	708652540510883841	https://twitter.com/BaldingsWorld/status/708652540510883841			@
	Don't know why people find this surprising. The reality is even worse than the official datahttps://twitter.com/WSJ/status/708595407425835008 …	BaldingsWorld	11	9	1457785712	708630754972950529	https://twitter.com/BaldingsWorld/status/708630754972950529			
	Bailout with Chinese characteristicshttps://twitter.com/weigu/status/708614374617907200 …	BaldingsWorld	5	3	1457781901	708614772657291264	https://twitter.com/BaldingsWorld/status/708614772657291264			
	Coming the same day PBOC Zhou said no tightening of controls, nothing to worry about, no reason to buy dollarshttps://twitter.com/clemtan/status/708594658142789633 …	BaldingsWorld	3	2	1457777655	708596963445354496	https://twitter.com/BaldingsWorld/status/708596963445354496			
	Yea, liquidity crunch. That was the problemhttps://twitter.com/chinaspooncn/status/708578693057224704 …	BaldingsWorld	5	2	1457773600	708579954309537792	https://twitter.com/BaldingsWorld/status/708579954309537792			
	This is what puts people on the street in China: changes in real estate prices. # UnderstandingChinahttps://twitter.com/ZhouFengSuo/status/708572540243849216 …	BaldingsWorld	7	2	1457773183	708578204122873857	https://twitter.com/BaldingsWorld/status/708578204122873857		#	
	Reform with Chinese characteristicshttps://twitter.com/TomOrlik/status/708558237189152769 …	BaldingsWorld	1	0	1457772918	708577093345390592	https://twitter.com/BaldingsWorld/status/708577093345390592			
	@ johnrutledge if you believe official data.... yes	BaldingsWorld	0	0	1457772816	708576666256166912	https://twitter.com/BaldingsWorld/status/708576666256166912			@
	Consider it an asset swap: leaving one stagnant market for anotherhttps://twitter.com/DanielaGabor/status/708567004706377728 …	BaldingsWorld	0	2	1457772611	708575806939770880	https://twitter.com/BaldingsWorld/status/708575806939770880			
	I hate it when people use simple straight forward data to prove the obvious fallacies of bad argumentshttps://twitter.com/3747S_14458E/status/708507808677928960 …	BaldingsWorld	0	2	1457757982	708514448357466112	https://twitter.com/BaldingsWorld/status/708514448357466112			
	@ shishiqiushi repatriation of debt back to the a Mainland with Chicest banks but they aren't drivers of outflows	BaldingsWorld	0	0	1457756277	708507294594543617	https://twitter.com/BaldingsWorld/status/708507294594543617			@
	Remember what numbers mean: YOY growth means that though % growth flat, absolute building still at historic levelshttps://twitter.com/Callum_Thomas/status/708109846487281669 …	BaldingsWorld	2	1	1457756029	708506257351528448	https://twitter.com/BaldingsWorld/status/708506257351528448			
	Some truth to this but not where household choosing to invest. Hint: it isn't about the Mao'shttps://twitter.com/TomOrlik/status/708495830538387460 …	BaldingsWorld	1	1	1457754462	708499682662572033	https://twitter.com/BaldingsWorld/status/708499682662572033			
	So important especially in discussion about RMB valuehttps://twitter.com/YapCW/status/708489929827876864 …	BaldingsWorld	2	1	1457754358	708499248162025474	https://twitter.com/BaldingsWorld/status/708499248162025474			
	"""Rapid growth in currency smuggling and censorship service sectors..."". Never thought they'd say that officiallyhttps://twitter.com/XHNews/status/708488391613136896 …"	BaldingsWorld	4	0	1457752007	708489387856691200	https://twitter.com/BaldingsWorld/status/708489387856691200			
	I didn't realize Chinese officials were such jokesters at official pressershttps://twitter.com/simonting/status/708485307948273664 …	BaldingsWorld	3	2	1457751901	708488940580265986	https://twitter.com/BaldingsWorld/status/708488940580265986			
	"""NPLs aren't spiking and there is nothing to worry about. Gov. Zhou just lost a bet with Gov. Yellen. That's all.""https://twitter.com/weigu/status/708487844088692736 …"	BaldingsWorld	3	1	1457751748	708488300709818368	https://twitter.com/BaldingsWorld/status/708488300709818368			
	@ ChuBailiang @ nerysinchina @ TomOrlik always afraid to ask if we've hit rock bottom	BaldingsWorld	1	0	1457750747	708484102756773889	https://twitter.com/BaldingsWorld/status/708484102756773889			@ @ @
	@ nerysinchina @ TomOrlik if there was a more pre-arranged softball question in the history of journalism I'd be surprised	BaldingsWorld	1	0	1457750439	708482811720638464	https://twitter.com/BaldingsWorld/status/708482811720638464			@ @
	@ vexmark pretty many bank analysts really believe. They Really believe it. Sure some have other motives, but I think they really believe	BaldingsWorld	1	1	1457750032	708481101732294656	https://twitter.com/BaldingsWorld/status/708481101732294656			@
	PBOC presser or weightlifting selfie? This is what makes @ XHNews the @ TMZ of Chinahttps://twitter.com/XHNews/status/708479891197579264 …	BaldingsWorld	0	1	1457749900	708480547249475584	https://twitter.com/BaldingsWorld/status/708480547249475584			@ @
	@ vexmark when people stop considering the downside is when you should get really scared	BaldingsWorld	0	1	1457749747	708479906682773504	https://twitter.com/BaldingsWorld/status/708479906682773504			@
	Repeat after me: Beijing, Shanghai, and Shenzhen do not equal Chinese real estatehttps://twitter.com/TomOrlik/status/708474106321223680 …	BaldingsWorld	3	1	1457749259	708477859266867200	https://twitter.com/BaldingsWorld/status/708477859266867200			
	@ vexmark devils advocate: with oil at that price how many people were willing to bet it would now be available for a handful of beans?	BaldingsWorld	0	1	1457749168	708477480374444032	https://twitter.com/BaldingsWorld/status/708477480374444032			@
	@ Wh_biz32 @ valuewalk I think it can sink lower. $2.7 is not a hard number. Personally, I would say around $2t	BaldingsWorld	0	0	1457743244	708452630536658944	https://twitter.com/BaldingsWorld/status/708452630536658944			@ @
	@ Noahpinionpic.twitter.com/xXq5qwziyY	BaldingsWorld	3	0	1457743012	708451659895021568	https://twitter.com/BaldingsWorld/status/708451659895021568			@
	@ WorthWray @ nicoffx a. China GDP much much lower. Actually beginning to think it could be as low as flat b. beginning work on my estimate	BaldingsWorld	3	1	1457742104	708447848585568256	https://twitter.com/BaldingsWorld/status/708447848585568256			@ @
	@ WorthWray @ nicoffx didn't think my trade adjusted growth number would become so discussed. I would emphasize numerous caveats there	BaldingsWorld	1	0	1457741986	708447353485721600	https://twitter.com/BaldingsWorld/status/708447353485721600			@ @
	@ jordanp @ resurgent does Trump have a majority of delegate or not?	prchovanec	0	0	1457815622	708756205959827457	https://twitter.com/prchovanec/status/708756205959827457			@ @
	"The case for divorce: ""The Republican Party is dead! Long live the (next) Republican Party!""https://medium.com/the-buckley-club/a-post-trump-landscape-d7294cb77dd2#.h2smkwsbe …"	prchovanec	6	2	1457812326	708742383307988992	https://twitter.com/prchovanec/status/708742383307988992		#	
	I'm still laughing, I'm just crying that other people aren't laughing too.https://twitter.com/jimpethokoukis/status/708722278763073536 …	prchovanec	1	0	1457807979	708724148466487296	https://twitter.com/prchovanec/status/708724148466487296			
	@ PetalumaPegleg that ignores other ways of dealing with debt, i.e. coercing captive savers and socializing losses.	prchovanec	0	0	1457807052	708720262884278272	https://twitter.com/prchovanec/status/708720262884278272			@
	"@ WorthWray what did it consist of? What is ""the accord""?"	prchovanec	1	1	1457799825	708689947876790272	https://twitter.com/prchovanec/status/708689947876790272			@
	@ alicharlo the optimism, given all the difficulties they currently face.	prchovanec	0	0	1457788433	708642169418964992	https://twitter.com/prchovanec/status/708642169418964992			@
	Now there's a thought.https://twitter.com/dudenator/status/708641500079456256 …	prchovanec	2	0	1457788392	708641995766370304	https://twitter.com/prchovanec/status/708641995766370304			
	@ IvanTheK @ DeptofDefense elite establishment conspiracy to steal time from your life.	prchovanec	1	0	1457788288	708641560263401473	https://twitter.com/prchovanec/status/708641560263401473			@ @
	@ traderscrucible just saw photo of bloody guy on the floor. Video of people wildly throwing punches.	prchovanec	1	0	1457788214	708641250694410243	https://twitter.com/prchovanec/status/708641250694410243			@
	Make Greece Great Again.https://twitter.com/litcrittrump/status/707271481068294145 …	prchovanec	6	7	1457788039	708640515965657089	https://twitter.com/prchovanec/status/708640515965657089			
	It's revealing that I can tweet a quote from Apocalypse Now about Colonel Kurtz, and everyone knows intuitively who I'm talking about.	prchovanec	8	3	1457787963	708640197194350593	https://twitter.com/prchovanec/status/708640197194350593			
	@MiaChupacabra @ AnnCoulter on occasion, however, it has educational value.	prchovanec	0	0	1457787818	708639590622429185	https://twitter.com/prchovanec/status/708639590622429185			@MiaChupacabra @
	"""Now he's crossed into Cambodia with his Montagnard army, who worship the man like a god, and follow every order ... however ridiculous."""	prchovanec	5	5	1457787748	708639295985156096	https://twitter.com/prchovanec/status/708639295985156096			
	@ jbmp51 @ niubi @ weigu China had outgrown the export-led growth models, which is why the debt won't be repaid.	prchovanec	1	0	1457787486	708638194397351936	https://twitter.com/prchovanec/status/708638194397351936			@ @ @
	@ ReevesU Ann went Kurtz a long time ago. She's way up the river now.	prchovanec	3	0	1457787422	708637925945114624	https://twitter.com/prchovanec/status/708637925945114624			@
	Full blown cult of personality. Might as well be waving a little red book.https://twitter.com/anncoulter/status/708567583197372416 …	prchovanec	8	7	1457787345	708637604732805120	https://twitter.com/prchovanec/status/708637604732805120			
	People, please remember to take your medicine as the doctor prescribes.https://twitter.com/anncoulter/status/708567203189297152 …	prchovanec	14	5	1457787266	708637272539705344	https://twitter.com/prchovanec/status/708637272539705344			
	I don't know who threw first punch. Whoever did was wrong. But I do know Trump called for violence, and he got it.https://twitter.com/realdonaldtrump/status/708619775153475584 …	prchovanec	11	7	1457787055	708636386560073728	https://twitter.com/prchovanec/status/708636386560073728			
	In other news, pot calls kettle black.https://twitter.com/ekathimerini/status/708633165254885376 …	prchovanec	1	1	1457786946	708635929578119169	https://twitter.com/prchovanec/status/708635929578119169			
	@ jbmp51 @ niubi @ weigu you can't inflate your way out of a situation where too much credit is precisely the problem.	prchovanec	0	0	1457786878	708635646168932352	https://twitter.com/prchovanec/status/708635646168932352			@ @ @
	"@ RollingWave0720 @ resurgent anything worth doing in this world ""could easily backfire"" so what's your point?"	prchovanec	0	0	1457786814	708635376068349952	https://twitter.com/prchovanec/status/708635376068349952			@ @
	In fact, based on that, quite the opposite.https://twitter.com/tomorlik/status/708490680490921984 …	prchovanec	3	3	1457786713	708634954217828352	https://twitter.com/prchovanec/status/708634954217828352			
	"Lessons from Nigeria #4: Read every page your guidebook's ""Things You Need to Know"" chapter well before you go. Don't assume anything."	prchovanec	6	0	1457786464	708633910331092992	https://twitter.com/prchovanec/status/708633910331092992		#4	
	Note. China's deleveraging hasn't even begun.https://twitter.com/adam_tooze/status/708631463663632384 …	prchovanec	10	8	1457786041	708632137142898688	https://twitter.com/prchovanec/status/708632137142898688			
	But @ GordonGChang also said Trump is dead wrong on China intentionally weakening its currency.https://twitter.com/cnbc/status/708518013629308928 …	prchovanec	6	5	1457785783	708631051418017792	https://twitter.com/prchovanec/status/708631051418017792			@
	What many pushing China-must-devalue-RMB story miss: China's debt problem is huge but NOT external.https://twitter.com/weigu/status/708610035820175360 …	prchovanec	9	15	1457785472	708629750336462848	https://twitter.com/prchovanec/status/708629750336462848			
	Of course not, it would crash.https://twitter.com/weigu/status/708613743551365120 …	prchovanec	8	1	1457785345	708629217299140608	https://twitter.com/prchovanec/status/708629217299140608			
	Surprise! << shakes head >>https://twitter.com/wsj/status/708595407425835008 …	prchovanec	2	1	1457785298	708629019072200704	https://twitter.com/prchovanec/status/708629019072200704			
	North Korea has lost contact with one of its submarines. Sunk?http://www.cnn.com/2016/03/11/politics/u-s-says-north-korean-submarine-missing/ …	prchovanec	3	7	1457785078	708628095704502275	https://twitter.com/prchovanec/status/708628095704502275			
	Hubert Humphrey could have told @ realDonaldTrump not to go to Chicago.	prchovanec	5	2	1457784823	708627027687936001	https://twitter.com/prchovanec/status/708627027687936001			@
	"@ niubi just give him a ""Make America Great Again"" hat."	prchovanec	1	0	1457784670	708626386232020992	https://twitter.com/prchovanec/status/708626386232020992			@
	Which is pathetic, considering they trashed and pillaged their oil industry.https://twitter.com/foreignaffairs/status/708623785608478720 …	prchovanec	6	1	1457784584	708626024720769024	https://twitter.com/prchovanec/status/708626024720769024			
	Anti-Trump forces may have struck a deal:http://theresurgent.com/the-deal-is-made-kasich-to-ohio-rubio-to-florida-cruz-out-of-both/ …	prchovanec	2	5	1457779904	708606394103037953	https://twitter.com/prchovanec/status/708606394103037953			
	$ NIFTY 55/144 / 233 DMApic.twitter.com/kpT7w4oVxy	Sunchartist	0	0	1457791683	708655800038723584	https://twitter.com/Sunchartist/status/708655800038723584			
	$ NIFTY 55 / 144 / 233 EMApic.twitter.com/JrCJ6EHmVT	Sunchartist	1	0	1457791606	708655477828112384	https://twitter.com/Sunchartist/status/708655477828112384			
	Here is $ SPX 55 & 233 EMApic.twitter.com/LiDNZ21oYa	Sunchartist	1	0	1457791250	708653984945340416	https://twitter.com/Sunchartist/status/708653984945340416			
	$ SPX 144 & 233 EMApic.twitter.com/irvHDXXncU	Sunchartist	2	0	1457791168	708653639980552192	https://twitter.com/Sunchartist/status/708653639980552192			
	$ SPX with 144 & 233 DMA EMA in next tweetpic.twitter.com/B1ZaP7En7k	Sunchartist	2	0	1457791102	708653360799350784	https://twitter.com/Sunchartist/status/708653360799350784			
	Barron’s Cover Bullish Value Vs growth. They called itpic.twitter.com/ZkWv7O6DFc	Sunchartist	1	1	1457788786	708643647818891265	https://twitter.com/Sunchartist/status/708643647818891265			
	and Barron’s goes Bullish Value Stocks vs Growth (cover story) maybe rally RIPhttps://twitter.com/JLyonsFundMgmt/status/708642720688898048 …	Sunchartist	1	0	1457788667	708643148868681728	https://twitter.com/Sunchartist/status/708643148868681728			
	does 200DMA has any value when everyone sees this as a technical indicator ?	Sunchartist	0	0	1457788176	708641089721217024	https://twitter.com/Sunchartist/status/708641089721217024			
	@ HybridInvest @ JainSumeetS seems to work better in bank nifty & suspect USDINR would be similar results	Sunchartist	0	0	1457786818	708635392522620928	https://twitter.com/Sunchartist/status/708635392522620928			@ @
	@ JainSumeetS very interesting Full moon i take it is Yellow	Sunchartist	0	0	1457782924	708619061324685312	https://twitter.com/Sunchartist/status/708619061324685312			@
	@ JainSumeetS what are the yellow & black dots	Sunchartist	0	0	1457782712	708618171968716800	https://twitter.com/Sunchartist/status/708618171968716800			@
	Trump Visa Policy Threatens India Growth Model, Modi Aide Says http://bloom.bg/1LiezKp  via @ technology	Sunchartist	0	0	1457782356	708616680037978112	https://twitter.com/Sunchartist/status/708616680037978112			@
	@ kemcho_ speech has ended	Sunchartist	0	0	1457781879	708614676829970432	https://twitter.com/Sunchartist/status/708614676829970432			@
	Here is RBI Governor having a dig & explains what is wrong with ECB & BOJ comedy ( sorry policies ) https://twitter.com/MacroPru/status/708608018271870976 …	Sunchartist	1	3	1457780615	708609376349659137	https://twitter.com/Sunchartist/status/708609376349659137			
	cc: Kuroda, Dradhi & Yellen part 2https://twitter.com/CNBCTV18Live/status/708606015844061184 …	Sunchartist	0	1	1457779870	708606253216337920	https://twitter.com/Sunchartist/status/708606253216337920			
	CC: Draghi, Kuroda & Yellenhttps://twitter.com/CNBCTV18Live/status/708605038730551297 …	Sunchartist	0	0	1457779743	708605721596657665	https://twitter.com/Sunchartist/status/708605721596657665			
	Hello Draghihttps://twitter.com/CNBCTV18Live/status/708605005243273218 …	Sunchartist	0	0	1457779714	708605596744822784	https://twitter.com/Sunchartist/status/708605596744822784			
	India’s RBI governor has a dig at Draghi & Kuroda $ EUR $ JPYhttps://twitter.com/CNBCTV18Live/status/708605072377290752 …	Sunchartist	0	0	1457779684	708605472341753858	https://twitter.com/Sunchartist/status/708605472341753858			
	@ BaldingsWorld @ ZhouFengSuo is the protest on rising prices?	Sunchartist	0	0	1457773247	708578471514128384	https://twitter.com/Sunchartist/status/708578471514128384			@ @
	I think we all want to know how to do it?https://twitter.com/chinaorgcn/status/708574616814419968 …	Sunchartist	0	0	1457772419	708574999335071744	https://twitter.com/Sunchartist/status/708574999335071744			
	Amazing sell side were calling for weaker $ EUR sub 1.05 now reversing their targets to upside of 1.125 what ever happened to Deep analysis	Sunchartist	0	0	1457772141	708573833930874880	https://twitter.com/Sunchartist/status/708573833930874880			
	Oil prices may have bottomed, says IEA: http://on.ft.com/1pkaOKE # FT amazing what a 3 week rally can do	Sunchartist	0	0	1457771938	708572982780829696	https://twitter.com/Sunchartist/status/708572982780829696		#	
	Rate cut then?https://twitter.com/ReutersIndia/status/708554966902960128 …	Sunchartist	0	0	1457770506	708566977850249216	https://twitter.com/Sunchartist/status/708566977850249216			
	$ GOLD DeMark Sequential Signal got the top spot on. $ XAU DSI bulls @66	Sunchartist	0	0	1457766314	708549396225392641	https://twitter.com/Sunchartist/status/708549396225392641			@66
	History doe snot repeat but it rhymes	Sunchartist	0	0	1457766224	708549015688708097	https://twitter.com/Sunchartist/status/708549015688708097			
	Seems NYSE & Nasdaq Comp Vol was lowest for the week & 5% below 30DMA	Sunchartist	0	0	1457766151	708548711350046720	https://twitter.com/Sunchartist/status/708548711350046720			
	In 1929 and 1987 stocks declined about 14%, then they moved up about 4½% - 9½%. Now:Stocks initially dropped 14% & now risen about 9½% $ SPX	Sunchartist	4	1	1457765687	708546765843083264	https://twitter.com/Sunchartist/status/708546765843083264			
	without $ INR devaluation hmmmhttps://twitter.com/ReutersIndia/status/708523361782071296 …	Sunchartist	1	0	1457760258	708523994853445632	https://twitter.com/Sunchartist/status/708523994853445632			
	Hong Kong outlook downgrade is perhaps the first step in its credit rating converging with Mainland China before it moves lower than China	Sunchartist	0	0	1457760067	708523192499830784	https://twitter.com/Sunchartist/status/708523192499830784			
	Prediction: Over the next 5 yrs it will be Central Bankers who will in front of parliaments in a repeat of what Investment Bankers saga	Sunchartist	0	0	1457759885	708522427618172928	https://twitter.com/Sunchartist/status/708522427618172928			
	The combination of $ AUD bulls @91, Speculative position & RSI divergence make it the most extreme reading in quite some time	Sunchartist	0	0	1457759707	708521683699650560	https://twitter.com/Sunchartist/status/708521683699650560			@91
	Open Interest in 10 & 5 yr US TSY fut collapsing $ TY_f $ FV_f source DBpic.twitter.com/7viBNNQZ9R	Sunchartist	0	0	1457759439	708520559961767937	https://twitter.com/Sunchartist/status/708520559961767937			
	HG_f Copper Speculative longs highest since mar 2015 Producers lowest in the same timepic.twitter.com/jcXC63ZLyS	Sunchartist	1	0	1457759285	708519912105349121	https://twitter.com/Sunchartist/status/708519912105349121			
	$ NIFTY $ VIX curve result of range boundpic.twitter.com/9wCipNzhpS	Sunchartist	1	1	1457758731	708517591032049664	https://twitter.com/Sunchartist/status/708517591032049664			
	$ VIX futures Bulls DSI @ 25 $ SPX Bulls 70 $ CL_F Bulls 70 Bears gone	Sunchartist	1	0	1457758475	708516514228383745	https://twitter.com/Sunchartist/status/708516514228383745			@
	CBOE 10DMA P/C ratio $ SPX $ VIXpic.twitter.com/lgB9N8aUxe	Sunchartist	1	0	1457758272	708515663984242688	https://twitter.com/Sunchartist/status/708515663984242688			
	Gordon Gecko : what a Amateur. Wall Street margin Account is for wimps. I got my own print press ?pic.twitter.com/Y6QsOJsgAn	Sunchartist	0	0	1457741117	708443710954934272	https://twitter.com/Sunchartist/status/708443710954934272			
	Red October https://twitter.com/NatSecCNN/status/708386830455017472 …	Sunchartist	0	0	1457737789	708429753062072320	https://twitter.com/Sunchartist/status/708429753062072320			
