	storj/swarm/IPFS. Golem is airbnb for your CPU :)	VitalikButerin	22	14	1482061437	810450525502181376	https://twitter.com/VitalikButerin/status/810450525502181376			
	In @ coindesk's exclusive piece, @ alextapscott and I chart # Blockchain's revolutionary year in 2016 and the stewardship needed to push ahead.https://twitter.com/coindesk/status/810318652188794882 …	dtapscott	12	9	1482076111	810512074900172800	https://twitter.com/dtapscott/status/810512074900172800		#	@ @
	Can we investigate 9/11 first? Let's get our priorities straight.https://twitter.com/corybooker/status/809877767940608000 …	maxkeiser	136	78	1482070770	810489672166154240	https://twitter.com/maxkeiser/status/810489672166154240			
	The 'unpresidented' tweet was unpresedential.	maxkeiser	48	20	1482018774	810271583352815617	https://twitter.com/maxkeiser/status/810271583352815617			
	pic.twitter.com/WpbLJtPn6u	maxkeiser	109	92	1482018480	810270350512713729	https://twitter.com/maxkeiser/status/810270350512713729			
	Editing show.pic.twitter.com/JLPczbPUrf	maxkeiser	77	5	1482016320	810261291952652293	https://twitter.com/maxkeiser/status/810261291952652293			
	je ne peux interagir avec vous, vous ne me suivez pas...	babgi	0	0	1482067098	810474271059443713	https://twitter.com/babgi/status/810474271059443713			
	Nice find.	JimMarous	6	0	1482082732	810539844384550913	https://twitter.com/JimMarous/status/810539844384550913			
	see you in season two	VinnyLingham	3	1	1482093292	810584134569652224	https://twitter.com/VinnyLingham/status/810584134569652224			
	10-15% this season	VinnyLingham	2	0	1482079502	810526296354783233	https://twitter.com/VinnyLingham/status/810526296354783233			
	quantitative was what was asked for	VinnyLingham	2	1	1482079373	810525753087586304	https://twitter.com/VinnyLingham/status/810525753087586304			
	there are a lot of issues...but let's just say that I don't invest in parallel entrepreneurs	VinnyLingham	0	0	1482079140	810524776385171456	https://twitter.com/VinnyLingham/status/810524776385171456			
	just on vacation' ;)	VinnyLingham	1	0	1482078861	810523606161719296	https://twitter.com/VinnyLingham/status/810523606161719296			
	you can, just don't ask investors for money	VinnyLingham	1	0	1482078795	810523329329238016	https://twitter.com/VinnyLingham/status/810523329329238016			
	we'd find out in due diligence afterwards anyways. Better to be upfront in the tank.	VinnyLingham	1	0	1482078768	810523215437201408	https://twitter.com/VinnyLingham/status/810523215437201408			
	I sold it. Dont know ;)	VinnyLingham	0	1	1482078689	810522886112968704	https://twitter.com/VinnyLingham/status/810522886112968704			
	done and dusted.	VinnyLingham	1	1	1482078620	810522594835398660	https://twitter.com/VinnyLingham/status/810522594835398660			
	I was disappointed but I'm disciplined and the valuation didn't factor in the risks for me! I wish @ gil_oved the best!	VinnyLingham	1	2	1482078332	810521390256443392	https://twitter.com/VinnyLingham/status/810521390256443392			@
	@ GoldFishLive wish I could see you guys tonight in Cape Town but it's apparently all sold out ;(	VinnyLingham	0	0	1482078219	810520913271779328	https://twitter.com/VinnyLingham/status/810520913271779328			@
	how about some piranhas?	VinnyLingham	2	0	1482076395	810513264136359936	https://twitter.com/VinnyLingham/status/810513264136359936			
	have you visually checked to see if they still are there? I have a lot of experience in this.	officialmcafee	2	0	1482090557	810572665165475840	https://twitter.com/officialmcafee/status/810572665165475840			
	No. That's how Danny actually looks without makeup. What you are seeing in his other films are examples of great makeup.	officialmcafee	3	2	1482085699	810552288171331584	https://twitter.com/officialmcafee/status/810552288171331584			
	get out your snowboard. Make the best of it	officialmcafee	2	0	1482085570	810551745952641024	https://twitter.com/officialmcafee/status/810551745952641024			
bitcoin 	Hard forking the economic code of bitcoin is more dangerous than hard forking the software code.	rogerkver	75	31	1482068225	810478994982248448	https://twitter.com/rogerkver/status/810478994982248448			
	Fair question. I do not know.	naval	1	0	1482076791	810514925521018880	https://twitter.com/naval/status/810514925521018880			
	How to be a great photographer: Take lots of pictures. Delete any that aren't flattering to every subject in the photo (in their mind).	naval	278	51	1482068103	810478486041202689	https://twitter.com/naval/status/810478486041202689			
	I block angry and negative people. Long standing policy that makes my life better. That's why block exists. You should unfollow.	naval	8	0	1482058719	810439125824323584	https://twitter.com/naval/status/810439125824323584			
	I block angry and negative people. What's the point one engaging? Regardless, if you don't agree, just unfollow.	naval	4	0	1482058613	810438679911104513	https://twitter.com/naval/status/810438679911104513			
	You have to defend the right speech even if you think it's a lie. That's what free speech requires. Or, I can censor you as a liar.	naval	3	0	1482058374	810437680525885440	https://twitter.com/naval/status/810437680525885440			
	Trivial case. Try the hard stuff.	naval	2	0	1482027180	810306840093331457	https://twitter.com/naval/status/810306840093331457			
bitcoin 	Bitcoin available for purchase at all Swiss Rail kiosks throughout the country...http://imgur.com/a/Elcoh	ErikVoorhees	263	200	1482088045	810562129631789056	https://twitter.com/ErikVoorhees/status/810562129631789056			
	Biz idea: Netflix for education. Big budgets, on demand, original entertaining educational content. V2 make it in VR. Where do I invest?	brian_armstrong	68	13	1482093601	810585433549643776	https://twitter.com/brian_armstrong/status/810585433549643776			
	Some beautiful desktop backgrounds in here (gotta inspect source to download though) http://www.wired.co.uk/gallery/nasa-rockets-robots-pictures …pic.twitter.com/XJhQU7FpWg	brian_armstrong	24	6	1482018084	810268689652125700	https://twitter.com/brian_armstrong/status/810268689652125700			
	any m out of any n?	TuurDemeester	1	0	1482101199	810617298205704192	https://twitter.com/TuurDemeester/status/810617298205704192			
	"@ SarahJamieLewis @ mathbabedotorg is this from John Taylor Gatto's book? (""Weapons of mass instruction"")"	TuurDemeester	0	0	1482100744	810615392511135749	https://twitter.com/TuurDemeester/status/810615392511135749			@ @
	Thanks Phil, glad too hear that!	TuurDemeester	0	0	1482099577	810610496193884160	https://twitter.com/TuurDemeester/status/810610496193884160			
	second layers be coming	TuurDemeester	0	2	1482097525	810601891235237889	https://twitter.com/TuurDemeester/status/810601891235237889			
	Check @ realvision - Netflix for financial education, interviewers flying around the world to record +1 hour masterclasses.	TuurDemeester	12	1	1482097474	810601675333496833	https://twitter.com/TuurDemeester/status/810601675333496833			@
	Uh-oh...https://twitter.com/jessefelder/status/810520051539267584 …	TuurDemeester	24	23	1482097053	810599912278786051	https://twitter.com/TuurDemeester/status/810599912278786051			
	Rigor vs timing.pic.twitter.com/MoQCbIhOqA	TuurDemeester	30	10	1482093745	810586035482660864	https://twitter.com/TuurDemeester/status/810586035482660864			
bitcoin 	Revolution not decentralised? http://commonstransition.org/the-revolution-will-not-be-decentralised-blockchains/ … & http://www.longfinance.net/publications.html?id=1051 … @ rachelodwyer @ Commons_Trans @ leashless @ BitcoinByte	mrmainelli	1	2	1482074477	810505219356422149	https://twitter.com/mrmainelli/status/810505219356422149			@ @ @ @
	Because apparently the media still work for the bad guys. We got major problems, but we will win. # DC # MAGA @ kd12385https://mobile.twitter.com/kd12385/status/810592587434192896 …	NetworksManager	17	19	1482097832	810603178366537730	https://twitter.com/NetworksManager/status/810603178366537730		# #	@
	No guys @ Martyrmade @ sbpdl our enemies are BOTH the elite who bring the islamic army & the men who fill their ranks.https://twitter.com/sbpdl/status/810510172024172544 …	NetworksManager	21	14	1482086718	810556564230836224	https://twitter.com/NetworksManager/status/810556564230836224			@ @
	I actually don't watch them anymore. It's impossible they are so blatantly just working for islam.	NetworksManager	3	0	1482085173	810550081317441536	https://twitter.com/NetworksManager/status/810550081317441536			
	I was actually just yelling at her, but guess you have a point	NetworksManager	2	0	1482084961	810549192359890944	https://twitter.com/NetworksManager/status/810549192359890944			
	@ narendramodi follow me	NetworksManager	1	0	1482083247	810542002051883008	https://twitter.com/NetworksManager/status/810542002051883008			@
	The # TrumpTrain loves the Hindus. We love ALL people,time 2 Stand Together+ # BanIslam @ natsocialist @ realDonaldTrumphttps://mobile.twitter.com/natsocialist/status/810522907097071616 …	NetworksManager	16	19	1482079371	810525747446185984	https://twitter.com/NetworksManager/status/810525747446185984		# #	@ @
	But but but - @ CNN said we racist.. # DC ‘We did great with the Hindus’: Trump thanks Indian-Americans 4 election winhttp://m.hindustantimes.com/world-news/we-did-great-with-the-hindus-trump-thanks-indian-americans-for-role-in-polls-triumph/story-r7MPprmLjDaDSu89hVrg7H.html …	NetworksManager	80	54	1482078139	810520580730552320	https://twitter.com/NetworksManager/status/810520580730552320		#	@
	3 detained 4 kidnapping +threatening 2 slit refugee center workers throat - released 3 days later. They on the loosehttps://twitter.com/NetworksManager/status/810457766124994560 …	NetworksManager	18	25	1482063600	810459597802708992	https://twitter.com/NetworksManager/status/810459597802708992			
	‘Give us more money or we will kill u’ Migrants kidnap refugee centre workers n Italy Nobody talks about working. # DChttp://www.express.co.uk/news/world/744373/Italy-migrant-crisis-refugees-threaten-aid-workers-Potenza-italy …	NetworksManager	107	223	1482063163	810457766124994560	https://twitter.com/NetworksManager/status/810457766124994560		#	
	If businesses could pay women 77 cents on the dollar for the same job, wouldn't most businesses hire all women? @ JohnHargenrader @ andi_staub	haydentiff	9	2	1482098485	810605916655652864	https://twitter.com/haydentiff/status/810605916655652864			@ @
	Don't you think that posting about malicious behavior on @ Yelp and then receiving legal threats = validation? I'm asking for a friend.	haydentiff	13	1	1482083968	810545026765832192	https://twitter.com/haydentiff/status/810545026765832192			@
ripple 	I've been following this. @ RippleCreekNW @ mmfa	haydentiff	2	2	1482023462	810291248112300033	https://twitter.com/haydentiff/status/810291248112300033			@ @
	Albuquerque Journal asks same thing https://www.abqjournal.com/910202/just-who-is-undermining-election-russians-or-cia.html …https://twitter.com/BBCSteveR/status/810547888996618240 …	stacyherbert	17	9	1482096274	810596642659467264	https://twitter.com/stacyherbert/status/810596642659467264			
	It appears # fakenews is being pushed by corporate media? https://www.bostonglobe.com/opinion/2016/02/18/the-media-are-misleading-public-syria/8YB75otYirPzUCnlwaVtcK/story.html …pic.twitter.com/4RNwT31mnE	stacyherbert	39	52	1482023873	810292971241410564	https://twitter.com/stacyherbert/status/810292971241410564		#	
	Boston Globe piece on truth about Syria https://www.bostonglobe.com/opinion/2016/02/18/the-media-are-misleading-public-syria/8YB75otYirPzUCnlwaVtcK/story.html …pic.twitter.com/oWm3ei1gmB	stacyherbert	24	19	1482023761	810292502435692544	https://twitter.com/stacyherbert/status/810292502435692544			
	Dinner time.pic.twitter.com/8BKN9gh7Wu	stacyherbert	32	1	1482020054	810276952854712321	https://twitter.com/stacyherbert/status/810276952854712321			
	Editorial: Just who is undermining election? Russians or CIA? | Albuquerque Journal https://www.abqjournal.com/910202/just-who-is-undermining-election-russians-or-cia.html …	stacyherbert	21	17	1482019543	810274811566063616	https://twitter.com/stacyherbert/status/810274811566063616			
	A special delivery service at @ Bham_Childrens in # Birmingham! pic.twitter.com/Jp2SbNtcas	sallyeaves	21	12	1482072460	810496761324310528	https://twitter.com/sallyeaves/status/810496761324310528		#	@
	A great non for profit initiative inspiring # creativity, curosity and # reading https://twitter.com/LitraQuest/status/810447828174733312 …	sallyeaves	5	2	1482061373	810450256634793984	https://twitter.com/sallyeaves/status/810450256634793984		# #	
	on its way - an amazing young boy	sallyeaves	1	0	1482061280	810449867671818241	https://twitter.com/sallyeaves/status/810449867671818241			
	Great idea! @ NerinaFinetto @ ST3AMCo @ GillianA @ sthompsonauthor # amwriting # education	sallyeaves	2	2	1482061096	810449096196714496	https://twitter.com/sallyeaves/status/810449096196714496		# #	@ @ @ @
	@ NHSMillion Shared - so vital	sallyeaves	6	2	1482054860	810422938335932417	https://twitter.com/sallyeaves/status/810422938335932417			@
	So true! @ _Future_Leaders @Trevor_Acivico @ CallieStarkey Embrace others with warmth, positivity, openness, & authenticity! # bettertogether	sallyeaves	6	3	1482054662	810422110644563968	https://twitter.com/sallyeaves/status/810422110644563968		#	@ @Trevor_Acivico @
	You too Trevor! Have a brilliant day everyone	sallyeaves	4	4	1482054447	810421206948216832	https://twitter.com/sallyeaves/status/810421206948216832			
	# TDV # Quotes https://dollarvigilante.com/2tt pic.twitter.com/UEuBTMvmpw	DollarVigilante	12	10	1482094759	810590290197233666	https://twitter.com/DollarVigilante/status/810590290197233666		# #	
	Hundreds of acres of Ohio’s only national forest to be leased for frackinghttp://ift.tt/2hJBnst	DollarVigilante	13	11	1482093973	810586992048226304	https://twitter.com/DollarVigilante/status/810586992048226304			
	Good # Trump Bad Trump What's Really Going on? https://dollarvigilante.com/blog/2016/11/13/good-trump-bad-trump-whats-really-going.html …pic.twitter.com/nwqPXnvsqz	DollarVigilante	10	4	1482092732	810581784744304640	https://twitter.com/DollarVigilante/status/810581784744304640		#	
	# TDV # Quotes Subscribe--> https://dollarvigilante.com/2tt pic.twitter.com/eSnjm3qI9g	DollarVigilante	11	12	1482086540	810555815430160384	https://twitter.com/DollarVigilante/status/810555815430160384		# #	
	Corporate Media’s “Fake News” War is Backfiring by Showing the World the Power of Alt Media http://snip.ly/o1o1w # Activism	DollarVigilante	20	21	1482083378	810542553317642240	https://twitter.com/DollarVigilante/status/810542553317642240		#	
	Another Brick In The Wall – Modern Education And The System Of Deception http://snip.ly/fql2m # Activism	DollarVigilante	9	5	1482083377	810542550591356931	https://twitter.com/DollarVigilante/status/810542550591356931		#	
	Castro Was Not Who You Thought He Was # Cuba # Castro # FidelCastro https://dollarvigilante.com/blog/2016/11/26/castro-not-thought.html …pic.twitter.com/sjH7yisWzc	DollarVigilante	8	2	1482083365	810542499186016256	https://twitter.com/DollarVigilante/status/810542499186016256		# # #	
	Join us and learn how to protect your assets.--> https://dollarvigilante.com/2tt # Economy # Fed # Investingpic.twitter.com/qdzZful2mO	DollarVigilante	16	23	1482078320	810521337966063616	https://twitter.com/DollarVigilante/status/810521337966063616		# # #	
	Anarchast with Josh Sigurdson of World Alternative Media. # Video # Media https://dollarvigilante.com/blog/2016/10/07/anarchast-josh-sigurdson-world-alternative-media.html …pic.twitter.com/VdaFzkDTon	DollarVigilante	9	9	1482070638	810489119725993984	https://twitter.com/DollarVigilante/status/810489119725993984		# #	
	# TDV # Quotes https://dollarvigilante.com/2tt pic.twitter.com/SrWK0MZX8l	DollarVigilante	16	17	1482070099	810486856311799808	https://twitter.com/DollarVigilante/status/810486856311799808		# #	
	Precedent Set — Germany To Fine Facebook $500K For Every “Fake News” Post They Don’t Delete http://snip.ly/gmpi4 # Activism	DollarVigilante	12	15	1482067119	810474356728074240	https://twitter.com/DollarVigilante/status/810474356728074240		#	
	Facebook Plans To Bury Alternative News http://snip.ly/9d2dk # Activism	DollarVigilante	9	6	1482067118	810474352407879681	https://twitter.com/DollarVigilante/status/810474352407879681		#	
	Harvard Professor Admits His Efforts To Turn Electoral College Against Trump Have Failed Miserablyhttp://ift.tt/2hIt5kh	DollarVigilante	10	11	1482066120	810470169562796037	https://twitter.com/DollarVigilante/status/810470169562796037			
	Join us and learn how to protect your assets..--> http://dollarvigilante.com # Economy # Investingpic.twitter.com/K05Rb0myMz	DollarVigilante	10	9	1482061876	810452369230151680	https://twitter.com/DollarVigilante/status/810452369230151680		# #	
	Indian Businessman Gifts 90 Homes To Homeless For His Daughters Wedding Gifthttp://ift.tt/2gOvEgr	DollarVigilante	15	12	1482060082	810444844791373824	https://twitter.com/DollarVigilante/status/810444844791373824			
	Inevitable Global Ruin: Top Hedge Fund Managers Sound the Alarm # Investing # WallSt https://steemit.com/money/@dollarvigilante/inevitable-global-ruin-top-hedge-fund-managers-sound-the-alarm …pic.twitter.com/s0UGpp9fca	DollarVigilante	9	3	1482059833	810443798451023877	https://twitter.com/DollarVigilante/status/810443798451023877		# #	@dollarvigilante
	WIKILEAKS: Germans Now Believe BND Leak Was An Insider After Erroneously Claiming It Was Russian Hackers http://ift.tt/2gYPt9E	DollarVigilante	8	13	1482055904	810427318137188352	https://twitter.com/DollarVigilante/status/810427318137188352			
	# TDV # Quotes Subscribe--> https://dollarvigilante.com/2tt pic.twitter.com/2WJg4v3GCO	DollarVigilante	13	8	1482053742	810418252522393600	https://twitter.com/DollarVigilante/status/810418252522393600		# #	
	Breaking News on the War on Cash: Now # Spain # WaronCash https://dollarvigilante.com/blog/2016/11/23/breaking-news-war-cash-now-spain.html …pic.twitter.com/VjWLHn7PfN	DollarVigilante	8	12	1482049032	810398494854938624	https://twitter.com/DollarVigilante/status/810398494854938624		# #	
	We have no right to control others. # Voluntaryism # Peace Subscribe here--> https://dollarvigilante.com/2tt pic.twitter.com/x1osX4Qlaf	DollarVigilante	13	13	1482045436	810383411919671296	https://twitter.com/DollarVigilante/status/810383411919671296		# #	
	# TDV # Quotes Subscribe--> https://dollarvigilante.com/2tt pic.twitter.com/V3sayCHEFR	DollarVigilante	9	8	1482037728	810351082438324228	https://twitter.com/DollarVigilante/status/810351082438324228		# #	
	Protect Yourself--> https://dollarvigilante.com/2tt # Inflation # Money # Investing # Economypic.twitter.com/ySWJJDVVlT	DollarVigilante	12	11	1482033017	810331325282549764	https://twitter.com/DollarVigilante/status/810331325282549764		# # # #	
	Billionaire Fund Manager Expects Stocks to Plummet 80% - But When? # Investing # Stocks https://dollarvigilante.com/blog/2016/11/03/billionaire-fund-manager-expects-stocks-plummet-80.html …pic.twitter.com/hK7rNav8Rp	DollarVigilante	17	15	1482027435	810307910714658817	https://twitter.com/DollarVigilante/status/810307910714658817		# #	
	Join us on The Dollar Vigilante. Subscribe here--> https://dollarvigilante.com/2tt # FBI # NSApic.twitter.com/ZErkQ9zj3z	DollarVigilante	9	11	1482024797	810296848623800320	https://twitter.com/DollarVigilante/status/810296848623800320		# #	
	Mises Institute Ambassador Peter Kallman Discusses Agorism http://snip.ly/24w0e # Activism	DollarVigilante	10	11	1482018516	810270500710678528	https://twitter.com/DollarVigilante/status/810270500710678528		#	
	Interview with the Legendary Doug Casey. # Anarchism # Economy https://www.dollarvigilante.com/blog/2016/03/30/exclusive-interviews-with-the-legendary-doug-casey-crisis-coming-by-this-fall.html …pic.twitter.com/UhIXSCJo6H	DollarVigilante	11	9	1482016634	810262609568157696	https://twitter.com/DollarVigilante/status/810262609568157696		# #	
	# TDV # Quotes https://dollarvigilante.com/2tt pic.twitter.com/HzhXvydJxg	DollarVigilante	14	3	1482016582	810262392580042752	https://twitter.com/DollarVigilante/status/810262392580042752		# #	
	Tom Brady rewatched last year's AFC Championship loss on the plane to Denver for this game, @ tracywolfson just reported. wow.	readDanwrite	1	1	1482097286	810600886426857473	https://twitter.com/readDanwrite/status/810600886426857473			@
	because @ claire_atkins is	readDanwrite	0	0	1482097106	810600134681784320	https://twitter.com/readDanwrite/status/810600134681784320			@
	GREAT Titans win! still think it was stupid to go for 2 on that score but hooray. Succop!	readDanwrite	2	0	1482095325	810592664198512642	https://twitter.com/readDanwrite/status/810592664198512642			
	moronic move by the Titans. sad to watch. Mularkey didn't believe in them in potential OT?	readDanwrite	0	1	1482094625	810589728005300224	https://twitter.com/readDanwrite/status/810589728005300224			
	A terrific new @ espn Mag cover.pic.twitter.com/YfWsS1tTTW	readDanwrite	1	0	1482093895	810586665110618116	https://twitter.com/readDanwrite/status/810586665110618116			@
	right, but you'll tweet about it with assurance! why click if it might not fit the conclusion you've already reached.	readDanwrite	2	0	1482087366	810559280776708096	https://twitter.com/readDanwrite/status/810559280776708096			
	did you actually read it?	readDanwrite	1	0	1482087085	810558100352679936	https://twitter.com/readDanwrite/status/810558100352679936			
	did you actually read it?	readDanwrite	1	0	1482087078	810558072364089344	https://twitter.com/readDanwrite/status/810558072364089344			
	no I don't. I specifically shut that down and say that comments wouldn't prove anything. but then you have the polling.	readDanwrite	0	0	1482085775	810552608687587332	https://twitter.com/readDanwrite/status/810552608687587332			
	# RogueOne was awesome. no other word for it. negative reviews are reaching / overthinking. thrilling and fun. what more do you want?	readDanwrite	5	0	1482085175	810550091413094401	https://twitter.com/readDanwrite/status/810550091413094401		#	
	Dry code (software) runs on computers. Wet code (legal language) runs on the brains of lawyers. This is what happens when you mix them up.https://twitter.com/ErrataRob/status/810377490472566785 …	NickSzabo4	75	40	1482053420	810416901226635264	https://twitter.com/NickSzabo4/status/810416901226635264			
	"""Are smart contracts enforceable?"" is a circus show. Smart Ks relate to traditnl law by controlng burden of lawsuit. http://unenumerated.blogspot.com/2006/05/security-and-burden-of-lawsuit.html …"	NickSzabo4	41	24	1482042691	810371898739662849	https://twitter.com/NickSzabo4/status/810371898739662849			
	User worries -- how to estimate them and how to minimize them: http://unenumerated.blogspot.com/2015/10/minimizing-consumer-worry.html …pic.twitter.com/W3CPcGAXoF	NickSzabo4	17	7	1482021899	810284692024991745	https://twitter.com/NickSzabo4/status/810284692024991745			
	ASIC releases licensing exemption for # fintech # startups # regulationhttp://www.zdnet.com/article/asic-releases-licensing-exemption-for-fintech-startups/ …	sbmeunier	0	3	1482063905	810460875899469824	https://twitter.com/sbmeunier/status/810460875899469824		# # #	
	we play in the same league Sam	sbmeunier	2	0	1482063005	810457101470416896	https://twitter.com/sbmeunier/status/810457101470416896			
	'Crypto' # Crowdfunding Phenomenon Primed For Industry Disruption & Beyond # fintech # Blockchain # ICOhttp://www.forbes.com/sites/rogeraitken/2016/12/17/blockchain-crypto-crowdfunding-phenomenon-primed-for-industry-disruption-beyond/#5625b4ca2bd2 …	sbmeunier	12	8	1482061983	810452815009169408	https://twitter.com/sbmeunier/status/810452815009169408		# # # # #5625b4ca2bd2	
bitcoin 	And another year - Bitcoin’s Rally Crushed Every Other Currency in 2016. Here’s Why - Bloomberghttps://www.bloomberg.com/news/articles/2016-12-16/bitcoin-s-rally-crushed-every-other-currency-in-2016-here-s-why …	SimonDixonTwitt	7	5	1482072849	810498391822077953	https://twitter.com/SimonDixonTwitt/status/810498391822077953			
	"""mmh"" should be a new unit!"	el33th4xor	1	0	1482040582	810363054609354752	https://twitter.com/el33th4xor/status/810363054609354752			
	imagine a channel where a thief cannot direct the funds out to a third party.	el33th4xor	1	0	1482032189	810327852155604992	https://twitter.com/el33th4xor/status/810327852155604992			
	and I was just reading Greg get upset at people on rBtc who confuse segwit with LN.	el33th4xor	1	0	1482029010	810314517188112384	https://twitter.com/el33th4xor/status/810314517188112384			
	right, the two are not the same at all, hence Andreas's question. But they can be merged in a meaningful fashion.	el33th4xor	0	0	1482028485	810312317271412736	https://twitter.com/el33th4xor/status/810312317271412736			
	"the article contains basic errors. SegWit transactions are ""instantly spendable""? False."	el33th4xor	3	0	1482024934	810297420491919361	https://twitter.com/el33th4xor/status/810297420491919361			
	What a lovely question. Both the teacher and the kid are wrong.https://twitter.com/CT_Bergstrom/status/810209935879446532 …	el33th4xor	19	2	1482024472	810295481536577536	https://twitter.com/el33th4xor/status/810295481536577536			
	this never worked. Needs to do proximate matching for people you follow.	el33th4xor	0	0	1482024171	810294222934970368	https://twitter.com/el33th4xor/status/810294222934970368			
	but catching up quick.	el33th4xor	0	0	1482024097	810293912086728704	https://twitter.com/el33th4xor/status/810293912086728704			
	Self driving Ubers and bike lines are a dangerous mix. http://www.sfbike.org/news/a-warning-to-people-who-bike-self-driving-ubers-and-right-hook-turns/ …	el33th4xor	4	1	1482023977	810293408027856896	https://twitter.com/el33th4xor/status/810293408027856896			
	This is awful. BTW, Erdogan is years ahead of Trump.https://twitter.com/GissiSim/status/810235665753456640 …	el33th4xor	6	0	1482023706	810292270620676096	https://twitter.com/el33th4xor/status/810292270620676096			
	that latter one relies on being able to place settlement xactions on chain when needed. So full blocks might cause loss.	el33th4xor	2	0	1482023380	810290901692071937	https://twitter.com/el33th4xor/status/810290901692071937			
	@ hdsjulian Ich werde da sein!	starkness	0	0	1482036995	810348009221279744	https://twitter.com/starkness/status/810348009221279744			@
	Design insights and advice with Kai En Ong BBC's Head of User Experience and Design - http://go.shr.lc/2h0uGml  via @ Irish_TechNews	SimonCocking	3	0	1482094483	810589129415200768	https://twitter.com/SimonCocking/status/810589129415200768			@
	How to scale a tech company - http://go.shr.lc/2gPKjrr  via @ Irish_TechNews	SimonCocking	3	0	1482094125	810587629813190656	https://twitter.com/SimonCocking/status/810587629813190656			@
	Finding unconventional business opportunities on the road to success, Jonha Richman - http://go.shr.lc/2gHqFml  via @ Irish_TechNews	SimonCocking	3	1	1482093893	810586654322884609	https://twitter.com/SimonCocking/status/810586654322884609			@
	The World's First Startup Decelerator: Menorca Millennials https://youtu.be/RPAEGbWeHME  via @ YouTube	SimonCocking	3	1	1482066073	810469970568216576	https://twitter.com/SimonCocking/status/810469970568216576			@
	Check this tweet out. We did elect a total idiot. Great job red states. # China here I come!https://twitter.com/realdonaldtrump/status/810288321880555520 …	GerberKawasaki	17	4	1482099024	810608177783840769	https://twitter.com/GerberKawasaki/status/810608177783840769		#	
	@ 1AllisonLane @ realDonaldTrump @ SopanDeb I'm laughing already. 64 mil nemeses.	GerberKawasaki	4	1	1482098960	810607907448320000	https://twitter.com/GerberKawasaki/status/810607907448320000			@ @ @
	I know. I shouldn't tweet obvious investment ideas. Trying to help people understand the bank BS. Never too crowded....	GerberKawasaki	1	0	1482098848	810607438881665024	https://twitter.com/GerberKawasaki/status/810607438881665024			
	we prefer regional banks as the large banks are basically crooked and will have more issues like $ wfc. We like $ kre	GerberKawasaki	1	0	1482098786	810607180139270144	https://twitter.com/GerberKawasaki/status/810607180139270144			
	They should have Uber for kids trucks. We need a sharing economy for Bruder trucks. Anyone want to trade a crane for a hay truck loader?	GerberKawasaki	2	0	1482097883	810603393458651136	https://twitter.com/GerberKawasaki/status/810603393458651136			
	One should not invest on their own. If you want help from me. Click on the link and link accounts. Happy to help you https://gerberkawasaki.com/team/ross-gerber …	GerberKawasaki	6	4	1482083500	810543064389324800	https://twitter.com/GerberKawasaki/status/810543064389324800			
	Many banks have preferred debt paying 6-8%. Yes. Banks. But that has interest rate risk. Where the stock does better when rates go higher.	GerberKawasaki	5	1	1482083375	810542540629774336	https://twitter.com/GerberKawasaki/status/810542540629774336			
	The bank pays depositors nothing but shareholders 1-3% typically through dividends. Rising rates are great for banks. You should get some.	GerberKawasaki	3	5	1482083303	810542236920229888	https://twitter.com/GerberKawasaki/status/810542236920229888			
	That's right. Almost all bank stocks pay higher dividends than their checking or savings accounts. You can own the bank and get paid.	GerberKawasaki	22	10	1482083234	810541948486307840	https://twitter.com/GerberKawasaki/status/810541948486307840			
	Investment advice. Get your money out of the bank and buy the bank itself. You're local bank is probably public. You'll earn a higher income	GerberKawasaki	34	20	1482083173	810541693455863809	https://twitter.com/GerberKawasaki/status/810541693455863809			
	Big box office grosses in # China. # thegreatwall does $66 mil first big budget co produced film. Bodes well. # RogueOne coming in Jan.https://twitter.com/thr/status/810537123489128448 …	GerberKawasaki	1	0	1482082591	810539250860949504	https://twitter.com/GerberKawasaki/status/810539250860949504		# # #	
	@ modestproposal1 that was the election! The markets going up. Now you're hoping for the opposite? The score is all that matters.	GerberKawasaki	0	0	1482082453	810538673817210880	https://twitter.com/GerberKawasaki/status/810538673817210880			@
	I assume the @ ADL_National @ SethMGerber @ JGreenblattADL is on this story. We collectively need to fight hate with everything we've got!https://twitter.com/juddlegum/status/810534037869760513 …	GerberKawasaki	3	0	1482082339	810538194865307648	https://twitter.com/GerberKawasaki/status/810538194865307648			@ @ @
	In the great Country of California. It will be 74* next week. We will take citizens from all the red states who want to flee. # diversity	GerberKawasaki	10	1	1482082068	810537058829627392	https://twitter.com/GerberKawasaki/status/810537058829627392		#	
	If you want to eat at Rao's try Hollywood CA. Had a wonderful penne pasta last night. Can't get in # NYC I know someone who can get you in LA	GerberKawasaki	2	0	1482081850	810536142344843265	https://twitter.com/GerberKawasaki/status/810536142344843265		#	
	that's too bad. Thought ceelo might make some news again.	GerberKawasaki	1	2	1482074723	810506253516406784	https://twitter.com/GerberKawasaki/status/810506253516406784			
	Happy 135th birthday. # rollingstones live forever! # musichttps://twitter.com/jambase/status/810500980060078080 …	GerberKawasaki	3	0	1482074664	810506002768330753	https://twitter.com/GerberKawasaki/status/810506002768330753		# #	
	Good start. This one will grow through xmas. # china will love his film too. Big win Disney. $ dis # RogueOnehttps://www.bloomberg.com/news/articles/2016-12-17/disney-s-rogue-one-reaps-71-1-million-in-year-s-top-preview …	GerberKawasaki	4	2	1482074445	810505084865892352	https://twitter.com/GerberKawasaki/status/810505084865892352		# #	
	and reproduce (sex) and have fun. And be cool. And have even a basic conversation. show emotion. Smile. Computers do little actually.	GerberKawasaki	1	0	1482074177	810503959664201728	https://twitter.com/GerberKawasaki/status/810503959664201728			
	I loved # RogueOne because of the end. It was great. Still thinking about it. Want to see it again. Thanks for the ride. # Disney $ dis	GerberKawasaki	27	3	1482074090	810503596827549696	https://twitter.com/GerberKawasaki/status/810503596827549696		# #	
	we have an obligation to the world to show people the great Country of California represents what is good about America.	GerberKawasaki	1	0	1482074015	810503282321784832	https://twitter.com/GerberKawasaki/status/810503282321784832			
	they're angry that they are forced to be on health wealfare & would rather have no insurance. That's what's going to happen.	GerberKawasaki	0	0	1482073902	810502806029225985	https://twitter.com/GerberKawasaki/status/810502806029225985			
	have not tested the pixel. Have you? Does anyone have a pixel phone out there in twitter land. Do you like it ? $ goog	GerberKawasaki	1	0	1482073797	810502366499774464	https://twitter.com/GerberKawasaki/status/810502366499774464			
	He certainly doesn't represent all of us. Just you.	GerberKawasaki	2	0	1482073733	810502101138743296	https://twitter.com/GerberKawasaki/status/810502101138743296			
	Music is a cure for the soul. Listen to some music today. Support an artist. We need more beauty in the world. Joe Bonamassa at the Dolby.pic.twitter.com/qvd89n2D1O	GerberKawasaki	9	1	1482072748	810497967027163136	https://twitter.com/GerberKawasaki/status/810497967027163136			
	This will go on and on # SNL is set for the next four years! # Putin and # Trump bromance.https://twitter.com/thehill/status/810492088957726721 …	GerberKawasaki	10	3	1482072447	810496704721977344	https://twitter.com/GerberKawasaki/status/810496704721977344		# # #	
	late cycle issues.	GerberKawasaki	2	0	1482072354	810496316165890048	https://twitter.com/GerberKawasaki/status/810496316165890048			
	Everledger Tracks Wine Bottle With # Blockchainhttp://buff.ly/2gUhv29	obussmann	3	3	1482090056	810570563395747840	https://twitter.com/obussmann/status/810570563395747840		#	
	# Blockchain in 2017: The Year of Smart Contractshttp://buff.ly/2gBKuf2	obussmann	7	5	1482072724	810497866263306240	https://twitter.com/obussmann/status/810497866263306240		#	
	What We Know About the Federal Reserve's # Blockchain Stancehttp://buff.ly/2gUxjlu	obussmann	1	4	1482063656	810459832830533632	https://twitter.com/obussmann/status/810459832830533632		#	
	Read & share my Financial Times @ FT opinion article: Banks will not adopt # blockchain fast http://cmun.it/PR9qqPwC pic.twitter.com/b4kmeXoahs	obussmann	1	1	1482061713	810451683276947456	https://twitter.com/obussmann/status/810451683276947456		#	@
	Former Barclays CEO joins board of Blockchain | Blockchain for enterprise market to reach $20 billion by 2025 http://eepurl.com/ctXuTD	obussmann	7	5	1482059200	810441144245096448	https://twitter.com/obussmann/status/810441144245096448			
	2017 is already looking to be an exciting year for Crypto Valley: hackathon hosted by Thomson Reuters & EY http://cmun.it/dfgUZXex pic.twitter.com/Iw8IwgT36T	obussmann	3	3	1482047135	810390537761067008	https://twitter.com/obussmann/status/810390537761067008			
	27 Financial Firms Form Korean # Blockchain Consortiumhttp://buff.ly/2hyzOO8	obussmann	2	3	1482046260	810386869691228160	https://twitter.com/obussmann/status/810386869691228160		#	
	The Finanser’s Week: 12th December – 18th December 2016 via Chris Skinner's blog - A summary ...http://tinyurl.com/zy97qwa	Chris_Skinner	0	1	1482062747	810456022171156484	https://twitter.com/Chris_Skinner/status/810456022171156484			
	@ SOPHIANNECARUSO last night's show was even better than NYC ... tighter performance and better acoustics ... 11 out of 10 and you were brill	Chris_Skinner	1	0	1482060978	810448602338390016	https://twitter.com/Chris_Skinner/status/810448602338390016			@
	The Finanser’s Week: 12th December – 18th December 2016 - A summary of the main blogs of the week … Open Banking... http://fb.me/12mMPTdwE	Chris_Skinner	2	2	1482060744	810447620086886401	https://twitter.com/Chris_Skinner/status/810447620086886401			
	What's your top 3 used emojis on your iPhone? Mine are: Says a lot huh?!	davidbrear	2	0	1482068207	810478922525798400	https://twitter.com/davidbrear/status/810478922525798400			
	Looks like a great event. With some awesome people. Check it out guys https://twitter.com/lnizri/status/810419129928847360 …	davidbrear	2	0	1482066951	810473653536260097	https://twitter.com/davidbrear/status/810473653536260097			
	lol! Amen!	davidbrear	0	0	1482066468	810471629595754497	https://twitter.com/davidbrear/status/810471629595754497			
	of course. Hell for that opportunity I'd do it for half what a big consultancy would do it for.	davidbrear	0	0	1482066415	810471407289241600	https://twitter.com/davidbrear/status/810471407289241600			
	Drooling at that one @ JasonBates https://twitter.com/jasonbates/status/810442963591581697 …	davidbrear	4	0	1482063286	810458282745860096	https://twitter.com/davidbrear/status/810458282745860096			@
		davidbrear	1	0	1482056528	810429937610006531	https://twitter.com/davidbrear/status/810429937610006531			
	Silicon Valley may be popular for innovation centers, but it’s losing ground to Asia http://bit.ly/2hTNH9I	davidbrear	2	0	1482024721	810296527923113984	https://twitter.com/davidbrear/status/810296527923113984			
	The Diversity of Entrepreneurs in the U.S. (Infographic)http://bit.ly/2gXnpU6	davidbrear	3	2	1482017700	810267078800314369	https://twitter.com/davidbrear/status/810267078800314369			
	opening a gambling account with a casino	dgwbirch	3	0	1482097319	810601027921702914	https://twitter.com/dgwbirch/status/810601027921702914			
	'We dominated in the second half' http://bbc.in/2hJ75U9  via @ BBCSport	dgwbirch	0	1	1482084137	810545736165289985	https://twitter.com/dgwbirch/status/810545736165289985			@
	That was the best pass I've ever seen.	dgwbirch	0	0	1482082100	810537193152409608	https://twitter.com/dgwbirch/status/810537193152409608			
	what happens in Vegas stays in Wikileaks, as they will say one day	dgwbirch	2	0	1482079339	810525614151233536	https://twitter.com/dgwbirch/status/810525614151233536			
	+1e6https://twitter.com/jk_rowling/status/810188302011744258 …	dgwbirch	2	0	1482069882	810485946286215169	https://twitter.com/dgwbirch/status/810485946286215169			
	@ tnhhhttps://www.youtube.com/watch?v=wUeqNIXxjBw&sns=em …	dgwbirch	1	0	1482057923	810435785954627584	https://twitter.com/dgwbirch/status/810435785954627584			@
	Film student tricked thief into lifting his phone and spied on him for weeks http://buff.ly/2hUWb0z	dgwbirch	4	6	1482052352	810412419789029376	https://twitter.com/dgwbirch/status/810412419789029376			
bitcoin 	here's a partial transcript from 2014 https://www.occupycorporatism.com/disturbing-reason-bill-gates-said-bitcoin-better-currency/ …	dgwbirch	1	0	1482016452	810261847224057857	https://twitter.com/dgwbirch/status/810261847224057857			
bitcoin 	"""bitcoin-related approaches"" != Bitcoinhttp://www.coindesk.com/bill-gates-gates-foundation-doesnt-use-bitcoin/ …"	dgwbirch	0	0	1482016362	810261466251165696	https://twitter.com/dgwbirch/status/810261466251165696			
	. @ realDonaldTrump re: MadeInUSA, why use Typeform, a Co. from Spain in inaugural site https://www.58pic2017.org/press/  . Several US forms Co's exist.	wmougayar	3	0	1482081141	810533172630982656	https://twitter.com/wmougayar/status/810533172630982656			@
	Overstock Just Closed its First Day of Blockchain Stock Trading http://bit.ly/2hDM4fZ  via @ CoinDesk	sytaylor	9	7	1482089834	810569632209899520	https://twitter.com/sytaylor/status/810569632209899520			@
	#291 – Are you feeling limited because you are missing something? http://dab.25stories.org/291 pic.twitter.com/hXqX6dvyDY	julianhosp	0	0	1482091368	810576066070937608	https://twitter.com/julianhosp/status/810576066070937608		#291	
	"We have a really awesome Facebook Group: ""The Dominate instead of struggle Academy"" Check it out and join! https://www.facebook.com/groups/top10skills/?ref=bookmarks … # group"	julianhosp	0	0	1482069803	810485615322075136	https://twitter.com/julianhosp/status/810485615322075136		#	
	#212 – http://events.julianhosp.com  http://dab.25stories.org/212 pic.twitter.com/ppEqCUSSPG	julianhosp	0	0	1482040910	810364430169100288	https://twitter.com/julianhosp/status/810364430169100288		#212	
	#293 – Was ist 10x machtvoller als anderer Leute Geld oder Zeit? http://tab.25geschichten.de/293	julianhosp	0	0	1482033662	810334029069295616	https://twitter.com/julianhosp/status/810334029069295616		#293	
	#293 – What’s 10x more powerful than “other people’s money or time”? http://dab.25stories.org/293 pic.twitter.com/JhYKalA6Ll	julianhosp	0	0	1482026475	810303882987499520	https://twitter.com/julianhosp/status/810303882987499520		#293	
	pic.twitter.com/fc6rou9qMB	julianhosp	0	0	1482022964	810289159994753024	https://twitter.com/julianhosp/status/810289159994753024			
	NOT contradictory ideas: 1) Resist censorship in all its forms 2) Resist fake news in all its forms 3) Respect real journalism	mikejcasey	44	22	1482070417	810488189576089600	https://twitter.com/mikejcasey/status/810488189576089600			
	Good read # BIGDATA TECHNOLOGY SPECIAL TECH SPARK, H2 2016 # fintech # blockchain # finance # FinServ # banking # AI https://excelian.luxoft.com/upload/iblock/e75/tech-spark-3-big-data.pdf …pic.twitter.com/Zjosh8fMgR	AntonioSelas	63	67	1482061403	810450383172730880	https://twitter.com/AntonioSelas/status/810450383172730880		# # # # # # #	
	# Blockchain 'Crypto' # Crowdfunding Phenomenon Primed For Industry Disruption & Beyond # fintech http://www.forbes.com/sites/rogeraitken/2016/12/17/blockchain-crypto-crowdfunding-phenomenon-primed-for-industry-disruption-beyond/#227b99da2bd2 …pic.twitter.com/wvvJYyUT5E	AntonioSelas	4	7	1482056243	810428741054763008	https://twitter.com/AntonioSelas/status/810428741054763008		# # # #227b99da2bd2	
	Good read. Thanks @ SpirosMargarishttps://twitter.com/spirosmargaris/status/810409493775454208 …	AntonioSelas	1	0	1482053957	810419150694793216	https://twitter.com/AntonioSelas/status/810419150694793216			@
	The reasons: recruiting and the cloud warshttps://twitter.com/spirosmargaris/status/810415026213449729 …	AntonioSelas	1	0	1482053342	810416575086034944	https://twitter.com/AntonioSelas/status/810416575086034944			
	"""Banks need to connect with the ecosystem"" @ sbmeunier talking with @ sammaule http://fintech5.com/sebastien-meunier_the-trend-spotter_episode-19/ …"	AntonioSelas	2	1	1482051165	810407442039341056	https://twitter.com/AntonioSelas/status/810407442039341056			@ @
	# Blockchain for Enterprise Apps Market to Reach $19.9 Billion by 2025 # fintech # Healthcare # Energy # Insurtech https://www.tractica.com/newsroom/press-releases/blockchain-for-enterprise-applications-market-to-reach-19-9-billion-by-2025/ …pic.twitter.com/mzmXeVZxfn	AntonioSelas	8	12	1482048908	810397974140452864	https://twitter.com/AntonioSelas/status/810397974140452864		# # # # #	
	The @ PathwayGroup team a day at the office # mannequinchallengehttp://ln.is/www.youtube.com/AiSDu …	SafarazAli	0	0	1482023200	810290149221351424	https://twitter.com/SafarazAli/status/810290149221351424		#	@
bitcoin 	@ Unocoin takes part in Fintech Valley inauguration at Vishakapatnam by CM Chandrababu Naidu. # IndiaBitcoinpic.twitter.com/hG7qR1Ha6t	SunnyStartups	4	0	1482068340	810479480414281728	https://twitter.com/SunnyStartups/status/810479480414281728		#	@
	I'll be on Forward Thinking Radio on Sirius between 7-9pm on Progress 127.	geraldcelente	7	6	1482098434	810605702544760833	https://twitter.com/geraldcelente/status/810605702544760833			
	What to expect in 2017: Top Trends for the coming year.https://www.youtube.com/watch?v=SZYVSLXYdCE …	geraldcelente	9	9	1482080442	810530240388857857	https://twitter.com/geraldcelente/status/810530240388857857			
	This Week in Money - Trump Trends and Markets in 2017https://www.youtube.com/watch?v=6A3_6ZnT8Lg …	geraldcelente	11	12	1482069630	810484889782984705	https://twitter.com/geraldcelente/status/810484889782984705			
	Citing unnamed sources @ CBSNews says: Russians Are Hacking the Hell Out of Us.“Unnamed” is presstitute propaganda. Stop spreading fake news	geraldcelente	122	80	1482023025	810289415557959680	https://twitter.com/geraldcelente/status/810289415557959680			@
	Hey Nigel Majakari thanks for the follow! Feel free to contact me if I can be of help.	gpn01	0	0	1482084057	810545401711443968	https://twitter.com/gpn01/status/810545401711443968			
	Hey UberNerdz thanks for the follow! Feel free to contact me if I can be of help.	gpn01	0	0	1482068728	810481108148256768	https://twitter.com/gpn01/status/810481108148256768			
	Hey Aleksandra Woźniak thanks for the follow! Feel free to contact me if I can be of help.	gpn01	0	0	1482057939	810435854669905920	https://twitter.com/gpn01/status/810435854669905920			
	Thank you @ coindesk for featuring our piece. 2016 was the year that many CEOs woke up to both the threat and the opportunity of # Blockchain.https://twitter.com/coindesk/status/810318652188794882 …	alextapscott	14	8	1482075217	810508325158875136	https://twitter.com/alextapscott/status/810508325158875136		#	@
	Contrast the intensity of Pep, coaching and encouraging his players from the sidelines. Only time Wenger gets up is to moan at the officials	robdgill	0	0	1482083487	810543009850916864	https://twitter.com/robdgill/status/810543009850916864			
	Back to the bad old days, come up against a decent side and it looks like men against boys. Wenger simply cannot move us forward # AFC	robdgill	0	1	1482083389	810542601413820416	https://twitter.com/robdgill/status/810542601413820416		#	
	Former Barclays boss Antony Jenkins joins board of Blockchainhttp://www.telegraph.co.uk/business/2016/12/13/former-barclays-boss-antony-jenkins-joins-board-blockchain/?WT.mc_id=tmg_share_tw …	robdgill	0	0	1482065007	810465499113025536	https://twitter.com/robdgill/status/810465499113025536			
	I'm in there somewhere...record breaker! - WATCH: Did Cape Town Sevens achieve the biggest Mannequin Challenge yet?http://www.timeslive.co.za/sport/rugby/2016/12/12/WATCH-Did-Cape-Town-Sevens-achieve-the-biggest-Mannequin-Challenge-yet …	robdgill	0	0	1482051287	810407954604261376	https://twitter.com/robdgill/status/810407954604261376			
	Bizarre to find an old colleague from Nomura popping up here! Congratulations Dave!https://twitter.com/lewispugh/status/809744827285983232 …	robdgill	0	0	1482049158	810399024113127424	https://twitter.com/robdgill/status/810399024113127424			
	Could London do the same? - Scotland to unveil single market Brexit plan http://www.theglobeandmail.com/news/world/scotland-to-unveil-single-market-brexit-plan/article33358254/ …	robdgill	0	0	1482048713	810397159162073088	https://twitter.com/robdgill/status/810397159162073088			
	Top retweeters this week, @ nigelwalsh @ hl_law @ extrablatt: Thanks :) Joining the WealthTECH/InsurTECH Books? http://cmun.it/erNusa pic.twitter.com/Vni95g5ixA	SusanneChishti	2	0	1482087680	810560598408884224	https://twitter.com/SusanneChishti/status/810560598408884224			@ @ @
	Thanks for the recent follow @ mason09 @ AdultXfund @ alexx_sid Happy to connect :) have a great Sunday.	SusanneChishti	1	0	1482065375	810467044659527680	https://twitter.com/SusanneChishti/status/810467044659527680			@ @ @
	The irony is not lost on me	leashless	7	0	1482101086	810616825931239430	https://twitter.com/leashless/status/810616825931239430			
	I'm a beef-eating Hindu who doesn't even remember most of the rules, but that one I keep.	leashless	2	0	1482100646	810614981230297088	https://twitter.com/leashless/status/810614981230297088			
	Hm. That's actually tempting, but (believe it or not) I'm under a religious obligation not to gamble. It's the only one I keep.	leashless	3	0	1482100626	810614896803139585	https://twitter.com/leashless/status/810614896803139585			
	I'd say it's 5% or 20% likely, not 50% likely.	leashless	2	0	1482100352	810613747547045893	https://twitter.com/leashless/status/810613747547045893			
	". @ mwilcox I'm wait-and-see on that. Having the CIA and FBI declare ""you're voting for a Russian stooge"" would weigh on my conscience hard."	leashless	6	0	1482099782	810611357443878912	https://twitter.com/leashless/status/810611357443878912			@
	Resilience in the face of change is about staying integrated. The first thing which harms us about rapid change is repressing hard emotions.	leashless	13	9	1482099728	810611131081523200	https://twitter.com/leashless/status/810611131081523200			
	The last thing you want to be in a genuinely critical moment is blind. So stay with the emotions and let them force your world model updates	leashless	10	2	1482099613	810610646337421313	https://twitter.com/leashless/status/810610646337421313			
	If you push away the tough emotions an accurate mental model produces, your being stops functioning as an integrated sensor. You go blind.	leashless	9	3	1482099573	810610481832624128	https://twitter.com/leashless/status/810610481832624128			
	If you space out, away from your fear, anxiety, doubt (or elation or rage) you'll become one of the walking wounded pushed by pace of change	leashless	6	0	1482099542	810610349397409792	https://twitter.com/leashless/status/810610349397409792			
	But... but... that's how it works for gender, right? Surely...	leashless	0	0	1482099443	810609935012786181	https://twitter.com/leashless/status/810609935012786181			
	How do you feel about that? Try to stay in touch with your emotions, feelings, intuitions about all of it. Or you'll lose contact w yourself	leashless	7	0	1482099087	810608443233017858	https://twitter.com/leashless/status/810608443233017858			
	Everybody ready for tomorrow? Electoral college either votes for # Trump, or risks kicking off a wave of armed protest from the # deplorables	leashless	19	9	1482099027	810608191167930373	https://twitter.com/leashless/status/810608191167930373		# #	
	educated is an interesting filter to pick. Education is expensive.	leashless	0	0	1482098566	810606256985673728	https://twitter.com/leashless/status/810606256985673728			
	Waaaaiiittttt... double standard? Surely if a person self-identifies as really being left wing they have to be treated as such and admitted?https://twitter.com/krebscorinth/status/810539722560991232 …	leashless	6	2	1482098557	810606217471160320	https://twitter.com/leashless/status/810606217471160320			
	What's the # Angletonian analysis of Donald Trump?	leashless	0	1	1482098557	810606216997171200	https://twitter.com/leashless/status/810606216997171200		#	
	"I call something along these lines ""minority of one"" politics - wrote a piece on my blog (bucky gandhi design) called ""when?"""	leashless	0	0	1482098554	810606204305244161	https://twitter.com/leashless/status/810606204305244161			
	Heavy words. I'm not sure I'd be comfortable using them about PEOTUS, unless I expected him to go down in flames on Monday at the College https://twitter.com/tiffanyshlain/status/810514446330146816 …	leashless	0	0	1482082707	810539738809663488	https://twitter.com/leashless/status/810539738809663488			
	And it would be nice if only one or two were from Eton... rather than about a third.https://twitter.com/quakerpen/status/810426452650954752 …	leashless	2	0	1482082530	810538996090761217	https://twitter.com/leashless/status/810538996090761217			
	Trump losing his nerve? Big daddy, if you didn't want a war, maybe you shouldn't have made an army.https://twitter.com/Channel4News/status/810164333338619904 …	leashless	9	3	1482082529	810538993792253952	https://twitter.com/leashless/status/810538993792253952			
	Hm. Southern Rail?https://twitter.com/ASI/status/810448779438673920 …	leashless	1	1	1482082520	810538954780983296	https://twitter.com/leashless/status/810538954780983296			
	Maybe.https://twitter.com/alihadi68/status/810434064960339973 …	leashless	1	2	1482082468	810538737839046657	https://twitter.com/leashless/status/810538737839046657			
	awwwwwwe hahahah	leashless	0	0	1482075815	810510832157294593	https://twitter.com/leashless/status/810510832157294593			
	Who watches the watchmen? Set this in motion today, reap silence tomorrow.https://twitter.com/mcspocky/status/810406752260882432 …	leashless	6	5	1482068797	810481394526863360	https://twitter.com/leashless/status/810481394526863360			
	"Trainspotting had recently come out. The joke was ""I had to choose between go and life. Choose life!"" - go is crack for CS types."	leashless	0	0	1482059079	810440636566568961	https://twitter.com/leashless/status/810440636566568961			
	ahhhh! I knew a lot of those guys from the Edinburgh go scene - used to play regularly with Plotkin's son! (and from classes)	leashless	0	0	1482059015	810440368248520706	https://twitter.com/leashless/status/810440368248520706			
	wadlerfest?	leashless	0	0	1482057491	810433977249124352	https://twitter.com/leashless/status/810433977249124352			
	apart from actually writing code, tech is just like any other business, but faster and weirder. Do you read science fiction?	leashless	2	0	1482057399	810433590358114304	https://twitter.com/leashless/status/810433590358114304			
	The latest The # SocialMedia # banking Daily! http://paper.li/HLeichsenring/banking-2-0?edition_id=ed93d4f0-c4fc-11e6-992b-0cc47a0d15fd … # socialmedia # innovation	HLeichsenring	0	0	1482050130	810403102931255296	https://twitter.com/HLeichsenring/status/810403102931255296		# # # #	
	Neu: Berat´ mich, Robby! -http://bit.ly/2i1X2bB # Anlageberatung # Beratung # Digitalisierung # RoboAdvisorpic.twitter.com/ntF56MNhBv	HLeichsenring	1	0	1482037330	810349414950850560	https://twitter.com/HLeichsenring/status/810349414950850560		# # # #	
	The Year in Review: The must-read article on a very special kind of distributed database - # Blockchain by @ sbmeunierhttps://www.linkedin.com/pulse/blockchain-technology-very-special-kind-distributed-meunier …	DeanDemellweek	6	4	1482068101	810478475631095812	https://twitter.com/DeanDemellweek/status/810478475631095812		#	@
	@ realdonaldtrump # ttttt Tweet #6 Follow Estonia. Digital signatures. Digital voting. Digital identity, Virtual citizens. See my FB post.	TimDraper	3	3	1482015678	810258597003350017	https://twitter.com/TimDraper/status/810258597003350017		# #6	@
	All @ BitGo wallets are 2 out of 3; we think it's the most flexible model.https://medium.com/@bendavenport/multi-sig-models-that-work-adb7707eb009 …	lopp	6	4	1482101488	810618510019854341	https://twitter.com/lopp/status/810618510019854341			@ @bendavenport
	Reminder: @ BitGo supports cold storage wallets with user keys kept offline and txns signed on airgapped machines. https://blog.bitgo.com/cold-offline-key-support-with-bitgo-multi-sig-2/ …	lopp	11	3	1482099155	810608727237791744	https://twitter.com/lopp/status/810608727237791744			@
	That blockchains won't go mainstream with end users, but that they don't have to in order to gain adoption as infrastructure.	lopp	2	0	1482095354	810592783664693248	https://twitter.com/lopp/status/810592783664693248			
	After crunching the numbers it's clear that 2017 will be the year of the blockchain desktop.	lopp	24	4	1482092249	810579762829631488	https://twitter.com/lopp/status/810579762829631488			
bitcoin 	The countries with the most relative interest in searching for Bitcoin in 2016 https://g.co/trends/DqjqQ pic.twitter.com/9ip2KIWMrd	lopp	56	53	1482090396	810571989740097537	https://twitter.com/lopp/status/810571989740097537			
bitcoin 	An exodus of activity out of the bitcoin-dev IRC room and into the bitcoin-core-dev IRC room occurred in 2016.pic.twitter.com/vsWJTKAO2C	lopp	10	5	1482086106	810553993265082372	https://twitter.com/lopp/status/810553993265082372			
bitcoin 	Activity on the Bitcoin Development mailing list remained low in 2016 compared to the surge of block size debate threads in 2015.pic.twitter.com/hm7OmRv1eM	lopp	11	7	1482083276	810542126765375494	https://twitter.com/lopp/status/810542126765375494			
	I expect the number will continue to rise in the coming months as Google Scholar catches up.	lopp	3	0	1482020000	810276724625707008	https://twitter.com/lopp/status/810276724625707008			
	I believe @ GreenAddress supports it	lopp	0	0	1482015815	810259173053112320	https://twitter.com/lopp/status/810259173053112320			@
bitcoin 	Any good guides out there to recommend for Bitcoin and Altcoins trading?	onemanatatime	6	1	1482033525	810333452964765696	https://twitter.com/onemanatatime/status/810333452964765696			
bitcoin 	Negative Interest Rates Make # Bitcoin Appealing. $ BTC http://cryptohustle.com/negative-interest-rates-make-bitcoin-appealing … @ RichSchultz3	CryptoHustle	3	3	1482085043	810549536640921600	https://twitter.com/CryptoHustle/status/810549536640921600		#	@
bitcoin 	I agree, we likely won't see strong trends until bitcoin picks direction with some momentum.	CryptoHustle	0	0	1482084937	810549093546201088	https://twitter.com/CryptoHustle/status/810549093546201088			
	Last year they gave us a boxing day special.	CryptoHustle	0	0	1482077894	810519553373536256	https://twitter.com/CryptoHustle/status/810519553373536256			
	Cheap coins for all! :-)	CryptoHustle	1	0	1482077866	810519435651989504	https://twitter.com/CryptoHustle/status/810519435651989504			
	Very true, the markets are generally quiet during the holidays until China decides to dump on everyone. :-)	CryptoHustle	2	0	1482077099	810516215865163777	https://twitter.com/CryptoHustle/status/810516215865163777			
	If BTC were to suddenly breakout on high volume and shoot to $1000, we'd likely see more blood and new lows on altcoins.	CryptoHustle	4	0	1482076277	810512771406331904	https://twitter.com/CryptoHustle/status/810512771406331904			
	I think the main reason for that is due to a lack of momentum on this BTC rally. Very slow and choppy gains.	CryptoHustle	6	0	1482076230	810512571660898304	https://twitter.com/CryptoHustle/status/810512571660898304			
	we're covering the bases and restricting the sale. Thanks for being concerned, I'm not taking any chance	CharlieShrem	1	0	1482101539	810618727435747328	https://twitter.com/CharlieShrem/status/810618727435747328			
	it's easy. We do KYC for token sales and distributions. It's all in the iTom.	CharlieShrem	1	0	1482100876	810615945639170049	https://twitter.com/CharlieShrem/status/810615945639170049			
	your right, that's why it's closed to USA citizens. Did you read the iTom ? http://www.mainstreet.ky	CharlieShrem	0	0	1482100708	810615239494483968	https://twitter.com/CharlieShrem/status/810615239494483968			
	when did I say that ?	CharlieShrem	0	0	1482100457	810614186145357824	https://twitter.com/CharlieShrem/status/810614186145357824			
	cs@charlieshrem.com	CharlieShrem	1	0	1482094307	810588391238672384	https://twitter.com/CharlieShrem/status/810588391238672384			@charlieshrem
	sure !	CharlieShrem	1	0	1482093968	810586972305653760	https://twitter.com/CharlieShrem/status/810586972305653760			
	Nice :) https://twitter.com/metaballo/status/810564695308390401 …	CharlieShrem	2	1	1482088706	810564901399887872	https://twitter.com/CharlieShrem/status/810564901399887872			
bitcoin 	Mainsteet is closed for US residents.https://twitter.com/bitcoinerrorlog/status/810558358243704832 …	CharlieShrem	1	1	1482087412	810559471063863296	https://twitter.com/CharlieShrem/status/810559471063863296			
	Mainstreet is token agnostic. If we foresee trouble with a platform we can swap. There are promising platforms but not readyhttps://twitter.com/mrhodl/status/810555528325820416 …	CharlieShrem	2	0	1482087376	810559323994783744	https://twitter.com/CharlieShrem/status/810559323994783744			
	Good questions- it's covered in the ITOM. http://www.mainstreet.ky  https://twitter.com/metaballo/status/810554899981176832 …	CharlieShrem	2	1	1482087014	810557803047817220	https://twitter.com/CharlieShrem/status/810557803047817220			
	Of course yes to both ! https://twitter.com/metaballo/status/810553513889517568 …	CharlieShrem	2	1	1482086139	810554135535820801	https://twitter.com/CharlieShrem/status/810554135535820801			
	Tokens will be listed on exchanges and intellisys will buyback tokens at certain times https://twitter.com/metaballo/status/810553354912813056 …	CharlieShrem	4	1	1482086125	810554074869469184	https://twitter.com/CharlieShrem/status/810554074869469184			
	Won't effect your ownership, we can easily do a token swap. https://twitter.com/metaballo/status/810552901764452352 …	CharlieShrem	2	1	1482085992	810553516565688320	https://twitter.com/CharlieShrem/status/810553516565688320			
	We wil release 1st company prospectus, cash flow positive company for 23 years, will be owned by token holders. https://twitter.com/metaballo/status/810552537463996416 …	CharlieShrem	5	2	1482085875	810553026381484032	https://twitter.com/CharlieShrem/status/810553026381484032			
ethereum 	that's why it's on ethereum	CharlieShrem	0	1	1482085819	810552789801857025	https://twitter.com/CharlieShrem/status/810552789801857025			
	Main Street is backed by private middle market profitable companies, we can issue on chain distributions https://twitter.com/metaballo/status/810550151752261632 …	CharlieShrem	4	3	1482085705	810552312053764097	https://twitter.com/CharlieShrem/status/810552312053764097			
	Mainstreet is closed to US residentshttps://twitter.com/alpacasw/status/810549862181863424 …	CharlieShrem	1	0	1482085654	810552101227130881	https://twitter.com/CharlieShrem/status/810552101227130881			
	Mainstreet Tokens rep ownership in physical assets. Not an app or scamcoinhttps://twitter.com/carpenoctom/status/810545878054342656 …	CharlieShrem	4	2	1482084976	810549257455497217	https://twitter.com/CharlieShrem/status/810549257455497217			
	Charlie Shrem Is Optimistic About Upcoming Mainstreet Investment L.P. Token Sale http://themerkle.com/charlie-shrem-is-optimistic-about-upcoming-mainstreet-investment-l-p-token-sale/ … via @ themerklenews	CharlieShrem	4	3	1482082245	810537801372536832	https://twitter.com/CharlieShrem/status/810537801372536832			@
	I'm not reading a 50 pg doc tonight, from what i read on Coindesk a few weeks ago i worry about you in this venture	ToneVays	1	0	1482101417	810618212417228800	https://twitter.com/ToneVays/status/810618212417228800			
	can I then sell the token on the open market to anyone?	ToneVays	3	0	1482101038	810616625103859713	https://twitter.com/ToneVays/status/810616625103859713			
	going forward i'll stop answering these questions publicly, I have better things to do tonight then argue w/ Charlie on my opinion	ToneVays	0	0	1482101008	810616499006279680	https://twitter.com/ToneVays/status/810616499006279680			
	I read the initial coindesk article, I did not see a way of how you can enforce that statement of no US Citizens	ToneVays	0	0	1482100824	810615726398705664	https://twitter.com/ToneVays/status/810615726398705664			
ethereum 	but i've been saying for years that # Ethereum founders will be in major legal trouble & have been obviously wrong	ToneVays	0	0	1482100747	810615404267798535	https://twitter.com/ToneVays/status/810615404267798535		#	
	when did you say what? i'm just saying I do not think your initiative is safe from regulators.	ToneVays	0	0	1482100669	810615074998145024	https://twitter.com/ToneVays/status/810615074998145024			
	this is my account now, i will not be acknowledging tags of the old one	ToneVays	2	0	1482099334	810609477393272836	https://twitter.com/ToneVays/status/810609477393272836			
	I think he wants to get back to 'universal basic income'... so let's just say I would be giving him different advice.	ToneVays	0	0	1482098630	810606525739925505	https://twitter.com/ToneVays/status/810606525739925505			
bitcoin 	Just ran across this old video of me explaining # Blockchain vs Database for # music at Rights Tech Summit. # Bitcoinhttps://www.youtube.com/watch?v=3SFugYnSz1M …	ToneVays	5	0	1482081954	810536582612652032	https://twitter.com/ToneVays/status/810536582612652032		# # #	
	I partially agree, so we need # SegWit to pass. Also it's partially true cause u will always be able to move $100k w/ a > fee	ToneVays	0	0	1482074786	810506516818231296	https://twitter.com/ToneVays/status/810506516818231296		#	
	Finally updated my Twitter handle to @ ToneVays from @ Tone_LLT, couldn't risk a troll extortion, also secured the domain :) @ derosetech	ToneVays	12	0	1482028436	810312108592263168	https://twitter.com/ToneVays/status/810312108592263168			@ @ @
	@ sanverde @ joannachiu you're excited (nervous) every time there's a knock at the door?	BaldingsWorld	2	0	1482071693	810493544150405120	https://twitter.com/BaldingsWorld/status/810493544150405120			@ @
	If only moderates could arouse a crowd the way zealots dohttps://twitter.com/JonHaidt/status/810473030199771136 …	BaldingsWorld	2	1	1482071539	810492897942351873	https://twitter.com/BaldingsWorld/status/810492897942351873			
	pic.twitter.com/hX1eZE1ghs	BaldingsWorld	2	0	1482064672	810464092817211392	https://twitter.com/BaldingsWorld/status/810464092817211392			
	lol... No but I can see where that comes from	BaldingsWorld	0	0	1482064547	810463571842732033	https://twitter.com/BaldingsWorld/status/810463571842732033			
	Solid recommendations but won't happenhttps://twitter.com/davidmillhouse3/status/810455470229962752 …	BaldingsWorld	1	0	1482063122	810457593734828032	https://twitter.com/BaldingsWorld/status/810457593734828032			
	"""That Christmas would live in our memories as the Christmas when we were introduced to Chinese turkey and all seems right with the world."""	BaldingsWorld	2	1	1482062136	810453456116850689	https://twitter.com/BaldingsWorld/status/810453456116850689			
	lol...no	BaldingsWorld	0	0	1482059399	810441978265485312	https://twitter.com/BaldingsWorld/status/810441978265485312			
	"""My old man dabbled in profanity the way other artists used oils or clay."" Name that movie"	BaldingsWorld	3	0	1482059136	810440873838116864	https://twitter.com/BaldingsWorld/status/810440873838116864			
	I blame Trump for this multi year construction project and militarizationhttps://twitter.com/DavidFeith/status/809604943678042112 …	BaldingsWorld	8	0	1482056288	810428931568349184	https://twitter.com/BaldingsWorld/status/810428931568349184			
	Couldn't agree morehttps://twitter.com/niubi/status/810131951445282817 …	BaldingsWorld	11	1	1482056053	810427943423873024	https://twitter.com/BaldingsWorld/status/810427943423873024			
	This might be the political equivalent of the Singularity for Trumphttps://twitter.com/tombschrader/status/810417033733165056 …	BaldingsWorld	2	2	1482054186	810420114503909376	https://twitter.com/BaldingsWorld/status/810420114503909376			
	I don't think Trump tariffs have any relation to rational economics	BaldingsWorld	1	0	1482053093	810415527931691008	https://twitter.com/BaldingsWorld/status/810415527931691008			
	only a true genius word smith for sure	BaldingsWorld	1	0	1482050511	810404700650663936	https://twitter.com/BaldingsWorld/status/810404700650663936			
	thanks. I generally only Tweet about my blog posts once but will try and keep that in mind	BaldingsWorld	1	0	1482049761	810401551399297024	https://twitter.com/BaldingsWorld/status/810401551399297024			
	Beijing does seem increasingly worried about RMB outflowshttps://twitter.com/tombschrader/status/810394687307714560 …	BaldingsWorld	6	0	1482049266	810399478125473792	https://twitter.com/BaldingsWorld/status/810399478125473792			
	you had me at CBRC and Mr. Burns	BaldingsWorld	2	0	1482047934	810393890184261632	https://twitter.com/BaldingsWorld/status/810393890184261632			
	Another reason capital outflows in China will not be reversing anytime soonhttps://twitter.com/FGoria/status/810364427702779905 …	BaldingsWorld	4	4	1482046777	810389038813196288	https://twitter.com/BaldingsWorld/status/810389038813196288			
	don't we all. Don't we all	BaldingsWorld	1	0	1482045816	810385006161842176	https://twitter.com/BaldingsWorld/status/810385006161842176			
	Celebrating Christmas and mourning smogageddon with a strong Irish coffee on a lazy Sunday afternoonpic.twitter.com/Zn7bksaYs3	BaldingsWorld	3	1	1482041454	810366712226914304	https://twitter.com/BaldingsWorld/status/810366712226914304			
	read my blog: http://baldingsworld.com  Post about two weeks ago	BaldingsWorld	1	0	1482041229	810365766755381248	https://twitter.com/BaldingsWorld/status/810365766755381248			
	I've never heard of this case but that is crazy	BaldingsWorld	0	0	1482027638	810308762607218688	https://twitter.com/BaldingsWorld/status/810308762607218688			
	I've been saying the difference between Obama and Trump foreign policy much smaller than people thinkhttps://twitter.com/TheEconomist/status/810212761141706752 …	BaldingsWorld	5	6	1482025932	810301606512263171	https://twitter.com/BaldingsWorld/status/810301606512263171			
	I've heard from more than a few people, you don't even say negative things over dinner in a restaurant for fear of being heardhttps://twitter.com/ChinaPowerCSIS/status/810231917689892865 …	BaldingsWorld	3	6	1482025875	810301369001345025	https://twitter.com/BaldingsWorld/status/810301369001345025			
	Astounding story.https://twitter.com/Fahrenthold/status/810287305432899585 …	BaldingsWorld	2	1	1482025795	810301034144862208	https://twitter.com/BaldingsWorld/status/810301034144862208			
	Paging the DC/NYC Chinese Propaganda Ministryhttps://twitter.com/AndrewSErickson/status/810154718848843777 …	BaldingsWorld	3	1	1482024464	810295449940791296	https://twitter.com/BaldingsWorld/status/810295449940791296			
	also worth noting, this blends in well with the concern another inequality. Two sides of the same coin	BaldingsWorld	0	0	1482023861	810292919013928960	https://twitter.com/BaldingsWorld/status/810292919013928960			
	Normally takes me a few egg nogs to do gardening of this qualityhttps://twitter.com/PDChina/status/810256918044442625 …	BaldingsWorld	5	1	1482016224	810260889484095488	https://twitter.com/BaldingsWorld/status/810260889484095488			
	I don't think it matters nearly as much for trade flows as believed and data seems to support	BaldingsWorld	0	0	1482015601	810258276193566724	https://twitter.com/BaldingsWorld/status/810258276193566724			
	used appropriately, it's an excellent medicine. but the potential for inappropriate and destructive use is high.	prchovanec	0	0	1482098352	810605356707696641	https://twitter.com/prchovanec/status/810605356707696641			
	Putting memories of the Opium Wars aside, the prospect of widespread OxyContin abuse like in the US must have Chinese authorities appalled.	prchovanec	8	3	1482097355	810601179084451841	https://twitter.com/prchovanec/status/810601179084451841			
	"""Opoid-shy China."" Hmmm, there must be some kind of story behind that.https://twitter.com/chinamedicine/status/810591787714678784 …"	prchovanec	31	13	1482097102	810600116704935936	https://twitter.com/prchovanec/status/810600116704935936			
	point me there in the meantime, will ya?	prchovanec	2	0	1482092249	810579760715862017	https://twitter.com/prchovanec/status/810579760715862017			
	anyway, it was a paradox at the heart of Bretton Woods - or any reserve currency.	prchovanec	1	0	1482090328	810571704904740864	https://twitter.com/prchovanec/status/810571704904740864			
	that decision was made long before it was made, if you know what I mean.	prchovanec	3	0	1482090305	810571609262198789	https://twitter.com/prchovanec/status/810571609262198789			
	he's a former partner of Romney's.	prchovanec	3	0	1482090215	810571227626700800	https://twitter.com/prchovanec/status/810571227626700800			
	The closest thing I can think of is the FEC (Foreign Exchange Certificate) system in 1980s China, basically a parallel currency.	prchovanec	3	0	1482090185	810571105098465280	https://twitter.com/prchovanec/status/810571105098465280			
	or it's really more like import vouchers.	prchovanec	1	0	1482090083	810570676302123008	https://twitter.com/prchovanec/status/810570676302123008			
	I don't have anything either nice or not nice, I'm just thinking through implications of this proposal for import licenses.	prchovanec	0	0	1482090051	810570540750618624	https://twitter.com/prchovanec/status/810570540750618624			
	It's sort of the Greek model for rebalancing.	prchovanec	5	0	1482089985	810570264169906176	https://twitter.com/prchovanec/status/810570264169906176			
	"Someone will say ""we won't need takers of US debt because we won't be running deficits."" True, cuz it'd force collapse in US consumption."	prchovanec	5	0	1482089886	810569851416838148	https://twitter.com/prchovanec/status/810569851416838148			
	Let's also talk about implication for WTO compliance and open season on trade retaliation against a non-compliant US.	prchovanec	6	1	1482089609	810568686843133952	https://twitter.com/prchovanec/status/810568686843133952			
	And if it is, let's talk about what the implication would be for global demand for U.S. Dollar and U.S. debt.	prchovanec	6	0	1482089480	810568147933741057	https://twitter.com/prchovanec/status/810568147933741057			
	Someone please explain to me how Conard's proposal isn't suspending US dollar convertibility on the current account.http://freebeacon.com/columns/next-republican-agenda/ …	prchovanec	5	1	1482089404	810567828394934274	https://twitter.com/prchovanec/status/810567828394934274			
	"My 3 year-old daughter, anxiously preparing to step off the fast-moving escalator, yelling ""This is no fun!"""	prchovanec	22	0	1482085307	810550643102457860	https://twitter.com/prchovanec/status/810550643102457860			
	"My 7 year-old son: ""Wouldn't it be great if the government made Bill Gates buy you a Maserati?"""	prchovanec	8	1	1482084672	810547982185758720	https://twitter.com/prchovanec/status/810547982185758720			
	nor is it to equate spirituality with external displays of religion.	prchovanec	1	1	1482084472	810547142699974656	https://twitter.com/prchovanec/status/810547142699974656			
	that's not to say everyone with spiritual framework and support makes good choices all the time.	prchovanec	3	1	1482084434	810546983308001280	https://twitter.com/prchovanec/status/810546983308001280			
	conditions -> absence of spiritual framework and support -> choices in a void	prchovanec	1	1	1482084387	810546784149925892	https://twitter.com/prchovanec/status/810546784149925892			
	I don't think they're exclusive at all.	prchovanec	2	1	1482084302	810546428007354368	https://twitter.com/prchovanec/status/810546428007354368			
	Lap Ness Monster.https://twitter.com/naturelsweird/status/810484860481572864 …	prchovanec	9	2	1482083848	810544524552507392	https://twitter.com/prchovanec/status/810544524552507392			
	@ RadioFreeTom BAM.	prchovanec	1	1	1482083728	810544020862668800	https://twitter.com/prchovanec/status/810544020862668800			@
	bombast is often a cover for unsure or ungrounded conviction.	prchovanec	0	0	1482082983	810540895825227780	https://twitter.com/prchovanec/status/810540895825227780			
	but I don't think humility and respect need to come at the expense of conviction. Not true conviction.	prchovanec	0	1	1482082740	810539878190612481	https://twitter.com/prchovanec/status/810539878190612481			
	@ Peter_Wehner moderation is a virtue if it reflects humility and respect, and does not come at the expense of conviction.	prchovanec	0	1	1482082670	810539583574253568	https://twitter.com/prchovanec/status/810539583574253568			@
	true!	prchovanec	0	0	1482082381	810538371605008385	https://twitter.com/prchovanec/status/810538371605008385			
	Human shield.https://twitter.com/shanghaiist/status/809791902002384896 …	prchovanec	7	1	1482081400	810534255260483588	https://twitter.com/prchovanec/status/810534255260483588			
	that's not how the U.S. debt China had purchased works.	prchovanec	0	0	1482081159	810533247675416576	https://twitter.com/prchovanec/status/810533247675416576			
	"there's all that ""eye in the sky"" satellite stuff."	prchovanec	1	0	1482076973	810515690646073344	https://twitter.com/prchovanec/status/810515690646073344			
	there is no other economy I know that is seeing the changes China's is, yet sees so little growth variation.	prchovanec	0	0	1482076906	810515407765434368	https://twitter.com/prchovanec/status/810515407765434368			
	but they also seem to be mainly retail focused.	prchovanec	0	0	1482076761	810514798903431168	https://twitter.com/prchovanec/status/810514798903431168			
	Violence spills over into Jordan.https://twitter.com/markmackinnon/status/810496882606804992 …	prchovanec	0	1	1482072937	810498758467317760	https://twitter.com/prchovanec/status/810498758467317760			
	Japan's Got Talent.https://twitter.com/crazyinnasia/status/810496264450297856 …	prchovanec	2	0	1482072529	810497047245811712	https://twitter.com/prchovanec/status/810497047245811712			
	Anti-China outcry in Indonesia as four are accused of importing contaminated chili seeds.http://mobile.reuters.com/article/idUSKBN1451G4 …	prchovanec	2	4	1482072214	810495728804102144	https://twitter.com/prchovanec/status/810495728804102144			
	If you've never gone, go. It's incredible. But dress warm!https://twitter.com/xhnews/status/810484049852633088 …	prchovanec	8	3	1482071949	810494615132499968	https://twitter.com/prchovanec/status/810494615132499968			
	"""The weak link is [US] resolve, and the Chinese are testing that, as well as baiting Trump""https://twitter.com/nytimes/status/810489216765427719 …"	prchovanec	3	1	1482071917	810494483964039168	https://twitter.com/prchovanec/status/810494483964039168			
	Big data shines new light on China's economy - but will the government allow it if it contradicts official data?https://www.bloomberg.com/news/articles/2016-12-01/big-data-reveals-the-real-picture-of-china-s-economy-but-can-it-survive …	prchovanec	13	15	1482071053	810490859355570176	https://twitter.com/prchovanec/status/810490859355570176			
	"who said ""treason""? But statements on foreign policy are policy. Just ask Obama about his red line."	prchovanec	1	0	1482069408	810483958672740356	https://twitter.com/prchovanec/status/810483958672740356			
	yeah, and think about who will be reacting to it.	prchovanec	2	0	1482069214	810483143245463552	https://twitter.com/prchovanec/status/810483143245463552			
	When I see the madness that my sock drawer has become, I can understand the appeal of authoritarianism.	prchovanec	30	5	1482069171	810482962898780161	https://twitter.com/prchovanec/status/810482962898780161			
	kind of like this guy.pic.twitter.com/DamZwuuHbs	prchovanec	2	0	1482039811	810359820759035904	https://twitter.com/prchovanec/status/810359820759035904			
	in these cases, the federal taxpayer does.	prchovanec	1	0	1482039730	810359480068214784	https://twitter.com/prchovanec/status/810359480068214784			
	Int'l Criminal Court? I doubt that, seeing as how neither the US nor China is a participating member.	prchovanec	2	0	1482039686	810359295393075201	https://twitter.com/prchovanec/status/810359295393075201			
	I genuinely hope you're being ironic.	prchovanec	0	0	1482033408	810332965192564736	https://twitter.com/prchovanec/status/810332965192564736			
	Maybe Trump's China tweets are a cry for help aimed at the Electoral College.	prchovanec	80	27	1482032432	810328871807713280	https://twitter.com/prchovanec/status/810328871807713280			
	Looks like everything's under control.https://twitter.com/Reuters/status/810327497300733953 …	prchovanec	9	7	1482032328	810328432311726081	https://twitter.com/prchovanec/status/810328432311726081			
	sigh ... like, what happens when all this becomes real?	prchovanec	1	0	1482028143	810310879510233088	https://twitter.com/prchovanec/status/810310879510233088			
	This is completely unpresidented.	prchovanec	33	5	1482028030	810310408842133504	https://twitter.com/prchovanec/status/810310408842133504			
	yes.	prchovanec	1	0	1482027983	810310208891265025	https://twitter.com/prchovanec/status/810310208891265025			
	http://thehill.com/homenews/news/310904-trump-spokesman-credits-trump-tweet-for-china-returning-drone …	prchovanec	4	1	1482027673	810308910309666816	https://twitter.com/prchovanec/status/810308910309666816			
	This would be really funny if he wasn't, like, going to be president in a month.https://twitter.com/realDonaldTrump/status/810288321880555520 …	prchovanec	528	258	1482023660	810292077510725632	https://twitter.com/prchovanec/status/810292077510725632			
	We have officially turned ourselves into a circular firing squad.https://twitter.com/RobinWigg/status/810290744003035136 …	prchovanec	14	11	1482023501	810291410498965504	https://twitter.com/prchovanec/status/810291410498965504			
	Now I'm completely confused.https://twitter.com/realDonaldTrump/status/810288321880555520 …	prchovanec	30	12	1482023311	810290613031682049	https://twitter.com/prchovanec/status/810290613031682049			
	ok-ay. You think I'm here to defend Obama?	prchovanec	0	0	1482023211	810290195648094208	https://twitter.com/prchovanec/status/810290195648094208			
	*INDIA'S AXIS BANK HIRES KPMG FOR FORENSIC AUDIT: PTI	Sunchartist	1	0	1482065421	810467237018542080	https://twitter.com/Sunchartist/status/810467237018542080			
	*LATEST H.K. INSURANCE CURBS SAID TO TARGET MULTIPLE CARD SWIPES	Sunchartist	1	0	1482065364	810466997938987008	https://twitter.com/Sunchartist/status/810466997938987008			
	*CHINESE BUYING INSURANCE IN HONG KONG SAID TO FACE MORE CURBS	Sunchartist	1	0	1482065353	810466950472052736	https://twitter.com/Sunchartist/status/810466950472052736			
	Positioning, technical indicators bond selloff all look extended but as an unwind of a 35 year bull market so may stay extended for a while	Sunchartist	1	0	1482062625	810455508410724352	https://twitter.com/Sunchartist/status/810455508410724352			
	Institutions bought $11.6bn S&P 500, $3.6bn Russell 2000, $1.9bn MSCI EM- BoAML	Sunchartist	1	2	1482042856	810372589969293314	https://twitter.com/Sunchartist/status/810372589969293314			
	The last dove Bullard capitulates	Sunchartist	3	0	1482041787	810368109353652224	https://twitter.com/Sunchartist/status/810368109353652224			
	FOMC’s Bullard says Fed should consider shrinking balance sheet starting next year & that he’s moving interest-rate outlook higher, WSJ	Sunchartist	3	1	1482041712	810367795284221952	https://twitter.com/Sunchartist/status/810367795284221952			
	The Indian mentality would be is there a buy one get one free offer. Correct me if i am wronghttps://twitter.com/realDonaldTrump/status/810288321880555520 …	Sunchartist	2	0	1482040985	810364743617646592	https://twitter.com/Sunchartist/status/810364743617646592			
	@ narendramodi @ arunjaitley Why doesn't NDA insist ONLY Digital payments. Where is the digital revolution for politics. Why the exception.https://twitter.com/sunchartist/status/810345702572163072 …	Sunchartist	0	0	1482036759	810347018786746372	https://twitter.com/Sunchartist/status/810347018786746372			@ @
	@ arunjaitley law itself is flawed if a Co. / ngo have to explain <20,000 why not political parties.https://twitter.com/sunchartist/status/810345702572163072 …	Sunchartist	1	0	1482036624	810346454153719808	https://twitter.com/Sunchartist/status/810346454153719808			@
	JAITLEY SAYS INCOME LAW FOR POLITICAL GROUPS UNCHANGED,	Sunchartist	0	0	1482036445	810345702572163072	https://twitter.com/Sunchartist/status/810345702572163072			
	Trump’s stance on one-China principle signals turbulent times for Sino-US ties http://www.scmp.com/week-asia/opinion/article/2055307/trumps-stance-one-china-principle-signals-turbulent-times-sino-us …	Sunchartist	1	0	1482026546	810304181479370752	https://twitter.com/Sunchartist/status/810304181479370752			
	It is good @ realDonaldTrump is not sitting for an English exam but is that what people elected him for?	Sunchartist	2	0	1482024260	810294594290073600	https://twitter.com/Sunchartist/status/810294594290073600			@
