currency	tweet	username	favorites	retweets	date	id	permalink	geo	hashtags	mentions	lex_sent	vad_sent	vad_pol	cnn_sent	cnn_pol
bitcoin 	PR attacks work on PoW too. See bitcoin core threatening to fork to a new PoW algo if chinese miners don't bend to their will	VitalikButerin	13	1	1488689853	838252118213439490	https://twitter.com/VitalikButerin/status/838252118213439490				1	0.48	-1	0.9986782040934337	-1.0
bitcoin 	If China growth is slowing to under rate of their debt growth prompting a devaluation of Yuan how can US raise rates? # GotBitcoin # Gold	maxkeiser	27	27	1488736122	838446183928500224	https://twitter.com/maxkeiser/status/838446183928500224		# #		-1	0.20	1	0.9986782040934337	-1.0
ethereum 	"Vlad just posted a longer form explanation of his ""Ethereum is not safe or scalable"" tweet: https://medium.com/@Vlad_Zamfir/about-my-tweet-from-yesterday-dcc61915b572#.14p22p8qv …https://twitter.com/TuurDemeester/status/838250157531615232 …"	TuurDemeester	13	10	1488744879	838482912156729348	https://twitter.com/TuurDemeester/status/838482912156729348		#	@Vlad_Zamfir	1	0.34	-1	0.9986782040934337	-1.0
bitcoin 	Evolution of on-chain Bitcoin transaction fees, by @ nikzhpic.twitter.com/TT4raxsnjt	TuurDemeester	34	25	1488736889	838449401647534080	https://twitter.com/TuurDemeester/status/838449401647534080			@	1	0	0	0.9986782040934337	-1.0
ethereum 	"Ethereum core dev explains why he thinks it's ""not safe or scalable"" and ""immature experimental tech"":https://twitter.com/VladZamfir/status/838062545609043969 …"	TuurDemeester	39	20	1488689386	838250157531615232	https://twitter.com/TuurDemeester/status/838250157531615232				1	0.34	-1	0.9986782040934337	-1.0
bitcoin 	"""Origins of the block size debate"". Best overview I've seen to date, a simple annotated list of quotes by core devs:https://www.reddit.com/r/Bitcoin/comments/5xg7f8/the_origins_of_the_blocksize_debate/ …"	TuurDemeester	95	51	1488685223	838232699156455424	https://twitter.com/TuurDemeester/status/838232699156455424				1	0.10	1	0.9986782040934337	-1.0
bitcoin 	"Befuddled BBC: ""Who controls Bitcoin?""https://www.youtube.com/watch?time_continue=29&v=erzK89fMWrE …"	TuurDemeester	49	20	1488668558	838162800698609664	https://twitter.com/TuurDemeester/status/838162800698609664				1	0	0	0.9986782040934337	-1.0
bitcoin 	For # bitcoin payment apps. @ rcasseus @donaldmcintyre_ https://en.bitcoin.it/wiki/Bitcoind	haydentiff	4	2	1488724671	838398153992912897	https://twitter.com/haydentiff/status/838398153992912897		#	@ @donaldmcintyre_	1	0	0	0.9986782040934337	-1.0
bitcoin 	probably for perpetuity even, definitionally because it's not a team, it's anyone collaborative & interested in bitcoin protocol developmenthttps://twitter.com/alistairmilne/status/838486640939122689 …	adam3us	31	9	1488745968	838487482253598720	https://twitter.com/adam3us/status/838487482253598720				1	0.40	1	0.9986782040934337	-1.0
bitcoin 	. @ morcosa @ el33th4xor delaying unfinished ideas also not good. wouldnt have written this https://bitcointalk.org/index.php?topic=305791.0 … confidential transactions/1	adam3us	5	0	1488740975	838466539519160320	https://twitter.com/adam3us/status/838466539519160320			@ @	1	0.11	-1	0.9986782040934337	-1.0
bitcoin 	. @ eric_lombrozo @ neha guess # bitcoin needs to find way to hire @ kanzure for a bit to brain dump in long form his # bitcoin research knowledge	adam3us	7	3	1488740676	838465284533018624	https://twitter.com/adam3us/status/838465284533018624		# #	@ @ @	1	0.19	-1	0.9986782040934337	-1.0
bitcoin 	. @ neha @ kanzure seriously, if people are writing a paper it takes 1min tops to pop head in # bitcoin-wizards and ask for citations...	adam3us	10	3	1488733308	838434382205628417	https://twitter.com/adam3us/status/838434382205628417		#	@ @	0	0.19	1	0.9986782040934337	-1.0
bitcoin 	". @ neha # bitcoin-wizards logs & http://bitcointalk.org  is where the prior art database lives. other ref ""ask @ kanzure"" brain-based r&d index"	adam3us	21	8	1488733270	838434221295296513	https://twitter.com/adam3us/status/838434221295296513		#	@ @	1	0	0	0.9986782040934337	-1.0
bitcoin 	not sure who you are, but your comments are 100% off-base ongoing. fungibility is a key differentiating property of bitcoin.	adam3us	1	0	1488730893	838424250797199360	https://twitter.com/adam3us/status/838424250797199360				1	0.06	-1	0.9986782040934337	-1.0
bitcoin 	. @ waxwing__ lays it out like it is re miner decentralisation https://www.reddit.com/r/Bitcoin/comments/5xklma/everyone_must_remove_his_hashpower_from_antpool/dej3t0m/ …https://twitter.com/MrHodl/status/838420781977718785 …	adam3us	19	6	1488730832	838423996500672513	https://twitter.com/adam3us/status/838423996500672513			@	1	0.18	1	0.9986782040934337	-1.0
bitcoin 	yes and this can lead to bitcoin potential being held back to a local minima, by econ-rational selfish actions of econ-attacker.	adam3us	0	0	1488725542	838401806325645312	https://twitter.com/adam3us/status/838401806325645312				1	0.10	-1	0.9986782040934337	-1.0
bitcoin 	. @ riprowan @ el33th4xor checks & balances are in # bitcoin for reason. miners, exchanges, users, payment processors interests not 100% aligned	adam3us	8	7	1488723287	838392348665085952	https://twitter.com/adam3us/status/838392348665085952		#	@ @	1	0.08	1	0.9986782040934337	-1.0
bitcoin 	. @ riprowan @ el33th4xor actually think it could see committed transactions https://bitcointalk.org/index.php?topic=206303.15 … amplify incentive by 2-phase crypto commit	adam3us	0	0	1488722054	838387179768381443	https://twitter.com/adam3us/status/838387179768381443			@ @	1	0.35	1	0.9986782040934337	-1.0
bitcoin 	. @ C1aranMurray @ el33th4xor point is bitcoin chain (mostly) is the longest valid chain according to consensus rules economic full nodes track	adam3us	2	2	1488721573	838385161033121793	https://twitter.com/adam3us/status/838385161033121793			@ @	1	0	0	0.9986782040934337	-1.0
bitcoin 	miners could not, see explainer by prof Emin Sirer @ el33th4xor http://hackingdistributed.com/2016/01/03/time-for-bitcoin-user-voice/ … common misunderstanding need stickying!	adam3us	2	1	1488720753	838381722391744513	https://twitter.com/adam3us/status/838381722391744513			@	-1	0.48	-1	0.9986782040934337	-1.0
bitcoin 	censorship resistance, permissionlessness & unfreeable/unseizablability are # bitcoin differentiating features. They require decentralisation	adam3us	119	71	1488715594	838360082597433344	https://twitter.com/adam3us/status/838360082597433344		#		1	0	0	0.9986782040934337	-1.0
bitcoin 	politicians do sound bites, A/B test false narratives # Sad More comp sci, empirical data & innovation. # bitcoin is uncensorable digital gold	adam3us	17	3	1488714264	838354506538762240	https://twitter.com/adam3us/status/838354506538762240		# #		1	0.06	-1	0.9986782040934337	-1.0
bitcoin 	Go @ aantonop!-- # bitcoin's most prolific evangelist. I hope you're covering costs and making a reasonable income, not just self-charity.https://twitter.com/aantonop/status/838338528228569088 …	adam3us	49	19	1488713955	838353208527421442	https://twitter.com/adam3us/status/838353208527421442		#	@	1	0.15	1	0.9986782040934337	-1.0
bitcoin 	shortage of interesting things to work on around bitcoin is last of our problems. need more developers and protocol experts.	adam3us	7	1	1488670286	838170048548200449	https://twitter.com/adam3us/status/838170048548200449				0	0.12	-1	0.9986782040934337	-1.0
bitcoin 	# Bitcoin Is Now As Good As # Gold, Actually It’s Better https://dollarvigilante.com/blog/2017/03/03/bitcoin-is-now-as-good-as-gold-actually-its-better.html …pic.twitter.com/K4Yb7jHG22	DollarVigilante	23	23	1488724388	838396966946148356	https://twitter.com/DollarVigilante/status/838396966946148356		# #		1	0.70	1	0.9986782040934337	-1.0
bitcoin 	Join us and learn how to protect your assets. https://dollarvigilante.com/2tt # Bitcoin # Banking # Goldpic.twitter.com/vpgfaZf0zU	DollarVigilante	12	19	1488706450	838321728820498432	https://twitter.com/DollarVigilante/status/838321728820498432		# # #		1	0.34	1	0.9986782040934337	-1.0
bitcoin 	Chart: How # Bitcoin Reached Parity With Gold # blockchain # DLT # fintech http://www.visualcapitalist.com/short-history-bitcoin-reached-parity-gold/ …pic.twitter.com/Wa56nB2H8U	sbmeunier	5	7	1488733241	838434100969103361	https://twitter.com/sbmeunier/status/838434100969103361		# # # #		1	0.10	1	0.9986782040934337	-1.0
ethereum 	yet very few # ethereum companies funded... people overestimate dev ecosystem effects	Melt_Dem	0	1	1488728889	838415846192136192	https://twitter.com/Melt_Dem/status/838415846192136192		#		1	0	0	0.9986782040934337	-1.0
bitcoin 	but we've seen the opposite effect. very few ppl outside # bitcoin community are concerned about scaling.	Melt_Dem	1	0	1488725095	838399933476655105	https://twitter.com/Melt_Dem/status/838399933476655105		#		1	0	0	0.9986782040934337	-1.0
bitcoin 	greed is the killer app for # bitcoin. not the only, but definitely the most important.http://www.bbc.co.uk/newsbeat/article/39154348/i-bought-bitcoins-in-2011---now-theyre-worth-19000 …	Melt_Dem	8	0	1488724917	838399187427422210	https://twitter.com/Melt_Dem/status/838399187427422210		#		1	0.02	-1	0.9986782040934337	-1.0
bitcoin 	# bitcoin and other # cryptocurrency ecosystems will gravitate to switzerland- regulators should take note!http://www.coindesk.com/new-blockchain-organization-launched-switzerlands-crypto-valley/ …	Melt_Dem	5	1	1488723838	838394659902746626	https://twitter.com/Melt_Dem/status/838394659902746626		# #		1	0	0	0.9986782040934337	-1.0
bitcoin 	my takeaways: - not a single startup mentioned (don't need them) - @ IBMBlockchain has 650 employees, 400 customershttps://mobile.nytimes.com/2017/03/04/business/dealbook/blockchain-ibm-bitcoin.html?smid=tw-share&_r=0&referer=https://t.co/jqWmtLZbbf …	Melt_Dem	13	5	1488723678	838393989782982658	https://twitter.com/Melt_Dem/status/838393989782982658			@	-1	0	0	0.9986782040934337	-1.0
bitcoin 	i wish all # bitcoin debates were archived. would be so helpful.https://www.reddit.com/r/Bitcoin/comments/5xg7f8/the_origins_of_the_blocksize_debate/ …	Melt_Dem	6	1	1488723450	838393032525369344	https://twitter.com/Melt_Dem/status/838393032525369344		#		1	0.32	1	0.9986782040934337	-1.0
bitcoin 	Hah, yeah, well, guess who was making that exact point back in the day:http://hackingdistributed.com/2014/06/19/bitcoin-and-voting-power/ …	el33th4xor	0	0	1488696431	838279706247999488	https://twitter.com/el33th4xor/status/838279706247999488				0	0.51	1	0.9986782040934337	-1.0
bitcoin 	Shifted BTC to ETC with the ShapeShift.io iOS App # NoAccountNeeded # bitcoin @ ShapeShift_io Thanks @ ErikVoorheeshttp://tinyurl.com/k4dw7mc	BitcoinByte	0	0	1488739185	838459032444755969	https://twitter.com/BitcoinByte/status/838459032444755969		# #	@ @	1	0.44	1	0.9986782040934337	-1.0
ethereum 	Must read: My article in the American Banker: A public or private # blockchain? New Ethereum project could mean both http://cmun.it/oZDw5Ujm pic.twitter.com/nPtMLhydYb	obussmann	7	5	1488745414	838485157090742273	https://twitter.com/obussmann/status/838485157090742273		#		1	0	0	0.9986782040934337	-1.0
bitcoin 	Bitcoin Price Surges; Investors Hope for SEC Approval | http://Fortune.com http://fortune.com/2017/03/03/bitcoin-pricing-record/ …	Chris_Skinner	2	0	1488710920	838340480756760576	https://twitter.com/Chris_Skinner/status/838340480756760576				1	0.72	1	0.9986782040934337	-1.0
bitcoin 	Bitcoin Unlimited is the long-term solution on the table. Lightning would need a not-yet-specified fork	gavinandresen	10	1	1488674815	838189045465378817	https://twitter.com/gavinandresen/status/838189045465378817				1	0.16	1	0.9986782040934337	-1.0
bitcoin 	Alles über Bitcoin, Blockchain und wie man nicht auf Abzocken reinfällt: http://youtu.be/3XyLrEhMkxM?a  via @ YouTube	julianhosp	0	0	1488741175	838467378598019073	https://twitter.com/julianhosp/status/838467378598019073			@	1	0	0	0.9986782040934337	-1.0
bitcoin 	Everything about Bitcoin and Blockchain explained easily: http://youtu.be/8BxQQWk5vDo?a  via @ YouTube	julianhosp	0	0	1488727280	838409099486314496	https://twitter.com/julianhosp/status/838409099486314496			@	1	0.34	1	0.9986782040934337	-1.0
bitcoin 	"""Bitcoin firms form self-regulatory body for transparent growth"" # IndiaBitcoin @ Unocoinpic.twitter.com/6kupBAsOHw"	SunnyStartups	8	6	1488736081	838446012662435840	https://twitter.com/SunnyStartups/status/838446012662435840		#	@	1	0.38	1	0.9986782040934337	-1.0
bitcoin 	Learn all about the benefits of # bitcoin segwit & lightning proposals here: https://bitcoincore.org/en/2016/01/26/segwit-benefits/ … & https://lightning.network/ pic.twitter.com/E4U6ZtyT3C	SunnyStartups	5	1	1488730387	838422130614226945	https://twitter.com/SunnyStartups/status/838422130614226945		#		1	0.38	1	0.9986782040934337	-1.0
bitcoin 	Bitcoin Documentary: https://www.youtube.com/watch?v=eyFvvyyst88 …pic.twitter.com/EtZlzc9vvF	SunnyStartups	3	0	1488728046	838412312012816384	https://twitter.com/SunnyStartups/status/838412312012816384				1	0	0	0.9986782040934337	-1.0
bitcoin 	Take a look at what we found - the inflight magazine, vistara - is all about that # bitcoin! # IndiaBitcoinpic.twitter.com/Wp7mQIjIhg	SunnyStartups	37	25	1488684962	838231601763008512	https://twitter.com/SunnyStartups/status/838231601763008512		# #		1	0	0	0.9986782040934337	-1.0
bitcoin 	The richest 85 people own same amount of wealth as half of the world's population. - Oxfam, 2014. # Bitcoin - new # money, same patterns?	DianacBiggs	0	0	1488754147	838521785209466881	https://twitter.com/DianacBiggs/status/838521785209466881		# #		1	0.26	1	0.9986782040934337	-1.0
ethereum 	Actually, he says Ethereum. Where is the confusion?	DianacBiggs	2	0	1488753007	838517006588592128	https://twitter.com/DianacBiggs/status/838517006588592128				1	0.15	-1	0.9986782040934337	-1.0
bitcoin 	"Asked on a radio interview last week: ""Isn't # bitcoin just used for buying # drugs??"" This type of fear mongering on both is so superficial."	DianacBiggs	2	0	1488717214	838366877063733248	https://twitter.com/DianacBiggs/status/838366877063733248		# #		1	0.31	-1	0.9986782040934337	-1.0
bitcoin 	Last week was a strong reminder of how ppl who were apathetic or even critical before suddenly care when those things = $$$ # bitcoin # snap	DianacBiggs	1	0	1488715606	838360131830235139	https://twitter.com/DianacBiggs/status/838360131830235139		# #		1	0.46	1	0.9986782040934337	-1.0
bitcoin 	cause everything in Bitcoin has already been figured out, we just have to dig through posts on scamcoins to find it!https://twitter.com/MadarsV/status/838427065078657024 …	neha	28	5	1488732122	838429405152165888	https://twitter.com/neha/status/838429405152165888				1	0	0	0.9986782040934337	-1.0
bitcoin 	Thanks @ ByteAcademyCo for wonderful session based on Q&A to separate # Blockchain facts from FUD. # teamblockchain # bitcoin # auxesisgrouphttps://twitter.com/byteacademyco/status/838270513063448578 …	kgauravITC	8	0	1488743762	838478228419411969	https://twitter.com/kgauravITC/status/838478228419411969		# # # #	@	1	0.29	1	0.9986782040934337	-1.0
bitcoin 	I can see how you'd draw that conclusion. Bitcoin grew out of Cypherpunk culture; long before Chan.http://www.coindesk.com/the-rise-of-the-cypherpunks/ …	lopp	1	1	1488742546	838473128326070272	https://twitter.com/lopp/status/838473128326070272				1	0	0	0.9986782040934337	-1.0
bitcoin 	Bitcoin is a living protocol that emerges from of a melting pot of ideas, philosophies, cultures, politics, and trial by fire.	lopp	39	17	1488720293	838379792068198408	https://twitter.com/lopp/status/838379792068198408				1	0.34	-1	0.9986782040934337	-1.0
bitcoin 	"""You might appear to have power in Bitcoin if you continue to do what consensus wants. If you stop, your 'power' evaporates."" - @ aantonop"	lopp	84	25	1488672418	838178988552032257	https://twitter.com/lopp/status/838178988552032257			@	1	0.10	-1	0.9986782040934337	-1.0
bitcoin 	Building the case for ETF approval: Bitcoin analysis (23-2-17) - $ GBTC premium is gone - Smart money price action https://youtu.be/LCFHEfwQiQA pic.twitter.com/pkN9BbzMNg	onemanatatime	17	5	1488675657	838192573705379840	https://twitter.com/onemanatatime/status/838192573705379840				1	0.70	1	0.9986782040934337	-1.0
bitcoin 	"""That phone costs about €400"" ""Oh only 0.33 $ BTC?"" - still having difficulties adjusting to the current high # Bitcoin prices."	WhalePanda	78	9	1488737936	838453792148434944	https://twitter.com/WhalePanda/status/838453792148434944		#		1	0.15	-1	0.9986782040934337	-1.0
bitcoin 	he isnt and was never banned on /r/bitcoin. He can post there as much as he wants... he just doesnt want	WhalePanda	11	0	1488693249	838266362430697476	https://twitter.com/WhalePanda/status/838266362430697476				-1	0.15	1	0.9986782040934337	-1.0
bitcoin 	"Wait until the headline is: ""$IBM Bets Big on # Bitcoin""https://twitter.com/disruptepreneur/status/838375114156695553 …"	cburniske	21	9	1488732245	838429922880274432	https://twitter.com/cburniske/status/838429922880274432		#		1	0	0	0.9986782040934337	-1.0
bitcoin 	Must read # Bitcoin history: displays how tensions , boiling over into XT release... tho it all started void of https://www.reddit.com/r/Bitcoin/comments/5xg7f8/the_origins_of_the_blocksize_debate/ …	cburniske	5	3	1488728769	838415345245376512	https://twitter.com/cburniske/status/838415345245376512		#		1	0.40	-1	0.9986782040934337	-1.0
bitcoin 	# SketchAlert: FX changers at 's Gatwick airport yell at you for taking photos. Didn't even get to ask where the listing was for # bitcoin pic.twitter.com/KUNtmTJ8go	cburniske	16	2	1488728063	838412383039205376	https://twitter.com/cburniske/status/838412383039205376		# #		1	0	0	0.9986782040934337	-1.0
bitcoin 	9/ ...requiring a lot of maturing of # Bitcoin's tech, the devs, the miners, the governance & the companies. We're all in this together...	cburniske	5	1	1488720507	838380689590530048	https://twitter.com/cburniske/status/838380689590530048		#		1	0	0	0.9986782040934337	-1.0
bitcoin 	"8/ but in the future # bitcoin will disappear to the public-, and it will need to ""just work"""	cburniske	3	0	1488720330	838379946045222912	https://twitter.com/cburniske/status/838379946045222912		#		-1	0.33	-1	0.9986782040934337	-1.0
bitcoin 	"6/ if they try something & it doesn't ""just work,"" then maybe they'll try again later, but.. 3 strikes and I fear # Bitcoin may be out 4 them"	cburniske	4	0	1488720151	838379197072560129	https://twitter.com/cburniske/status/838379197072560129		#		1	0.69	-1	0.9986782040934337	-1.0
bitcoin 	5/ for me, this is one of the scariest parts of the current # Bitcoin stalemate. Consumers have zero patience & lots of options these days	cburniske	7	0	1488720078	838378889323900928	https://twitter.com/cburniske/status/838378889323900928		#		1	0	0	0.9986782040934337	-1.0
bitcoin 	"3/ while many # BlockchainAssets hold promise, to not underestimate the power of # Bitcoin's global ""brand"" & relative simplicity"	cburniske	4	0	1488719913	838378200518492161	https://twitter.com/cburniske/status/838378200518492161		# #		1	0.49	1	0.9986782040934337	-1.0
bitcoin 	2/ that said, # BlockchainAssets spread virally in adoption and awareness, and # bitcoin has paved the path	cburniske	2	0	1488719798	838377714310578176	https://twitter.com/cburniske/status/838377714310578176		# #		1	0	0	0.9986782040934337	-1.0
bitcoin ethereum 	1/ conversation w/ @ ggeorgiev in , notable insight was that while 1 in 4 people globally may have of # bitcoin, 1 in 1000 for # Ethereum	cburniske	14	3	1488719736	838377456377679872	https://twitter.com/cburniske/status/838377456377679872		# #	@	1	0	0	0.9986782040934337	-1.0
bitcoin 	These appear to be monthly clicks with # China buying ~$6B worth of gold in latest click. 10% # bitcoin = $600M per mo, $7.2B per yr...https://twitter.com/globalprotrader/status/838064285418983426 …	cburniske	22	11	1488708508	838330361880924160	https://twitter.com/cburniske/status/838330361880924160		# #		1	0.11	1	0.9986782040934337	-1.0
bitcoin 	I'll believe this when @ YourBTCC stops trading at a >5% discount. Currently the only exchange on @ TradeBlock's site w/ # bitcoin < $1200 https://twitter.com/cnledger/status/838152001095553024 …	cburniske	3	1	1488675648	838192537168973824	https://twitter.com/cburniske/status/838192537168973824		#	@ @	1	0.08	-1	0.9986782040934337	-1.0
bitcoin 	# Bitcoin weekend reading via @ AaronvanW. Gut feeling # SegWit's heading towards a user activated soft fork https://bitcoinmagazine.com/articles/latest-twist-block-size-debate-called-uasf/ …pic.twitter.com/KWG5h38jr3	cburniske	36	15	1488675386	838191438651346945	https://twitter.com/cburniske/status/838191438651346945		# #	@	1	0.06	1	0.9986782040934337	-1.0
bitcoin 	Transcript of my talk at MIT on using TXO commitments for scaling w/o a protocol change: http://diyhpl.us/wiki/transcripts/mit-bitcoin-expo-2017/scaling-and-utxos/ … Thanks @ kanzure!	peterktodd	85	35	1488753071	838517271668604929	https://twitter.com/peterktodd/status/838517271668604929			@	1	0.57	1	0.9986782040934337	-1.0
bitcoin 	You're just saying that so I drop my guard around you, and then you'll steal all my bitcoins. BUT YOU'LL NEVER GET MY DOGE!	peterktodd	5	0	1488723621	838393750091141121	https://twitter.com/peterktodd/status/838393750091141121				1	0.36	-1	0.9986782040934337	-1.0
