	Portugal’s victory over France to win the # Euro2016Final. Storybook team! We’re flying the flag here!pic.twitter.com/Q8pr12xlDF	dtapscott	24	7	1468187802	752260284048404480	https://twitter.com/dtapscott/status/752260284048404480		#	
	Portugal Wins without Ronaldo. Like winning the Stanley Cup without Gretzky.https://twitter.com/dtapscott/status/752256702557204480 …	dtapscott	13	10	1468187086	752257279743975424	https://twitter.com/dtapscott/status/752257279743975424			
	Winning the Stanley Cup with our Gretzky.	dtapscott	0	0	1468187005	752256939854295040	https://twitter.com/dtapscott/status/752256939854295040			
	Absolutely unbelievable. So impressive.	dtapscott	1	0	1468186971	752256796400705537	https://twitter.com/dtapscott/status/752256796400705537			
	One of the most impressive victories in the history of soccer. # EURO2016 # Euro2016Final # VictoryWithoutRonaldohttps://twitter.com/Slate/status/752255563669639168 …	dtapscott	7	4	1468186948	752256702557204480	https://twitter.com/dtapscott/status/752256702557204480		# # #	
	The most impressive victory in the history of soccer? # Euro2016Final # PortugalvsFrance # Portugal	dtapscott	7	4	1468186760	752255911322853376	https://twitter.com/dtapscott/status/752255911322853376		# # #	
	Modern humans all come from black Africans, therefore we all come from black African semen.	maxkeiser	5	2	1468187801	752260276960067584	https://twitter.com/maxkeiser/status/752260276960067584			
	Sexy model spotted, NYCpic.twitter.com/d1TuaJG6G2	maxkeiser	12	2	1468183888	752243865411784704	https://twitter.com/maxkeiser/status/752243865411784704			
	Brits love cunts. # BritsLoveCunts	maxkeiser	2	0	1468183717	752243149955821568	https://twitter.com/maxkeiser/status/752243149955821568		#	
	Urban camping with @ stacyherbert and @ maxkeiser https://www.youtube.com/watch?v=wZf9fw-GVfA&feature=share …	maxkeiser	16	5	1468183333	752241538042892288	https://twitter.com/maxkeiser/status/752241538042892288			@ @
	. @ stacyherbert making dinner. # yumpic.twitter.com/hZvOGlHN9H	maxkeiser	47	8	1468181852	752235326417035264	https://twitter.com/maxkeiser/status/752235326417035264		#	@
	New York City. Fuck ya.pic.twitter.com/Cg3ngYudqj	maxkeiser	27	9	1468181780	752235027019231232	https://twitter.com/maxkeiser/status/752235027019231232			
	Will definitely cause some additional strife as leave/stay status unclear with no timeline.	maxkeiser	5	3	1468174734	752205473739370496	https://twitter.com/maxkeiser/status/752205473739370496			
	. @ arbolioto As predicted. Inequality > social unrest > crash > rate cuts > more inequality.	maxkeiser	21	20	1468167194	752173845931581440	https://twitter.com/maxkeiser/status/752173845931581440			@
	@ gitju Unless Israel starts making jets they should stop fucking meddling in US business, or give the aid money back.	maxkeiser	3	0	1468166228	752169796456898561	https://twitter.com/maxkeiser/status/752169796456898561			@
	. @ UberFacts Proof that human evolution is running in reverse.	maxkeiser	18	4	1468163987	752160396488871937	https://twitter.com/maxkeiser/status/752160396488871937			@
	# BlackLivesMatter attempts to restore some political balance in America; a country suffering from no right-wing opposition for decades.	maxkeiser	49	38	1468161321	752149213702651904	https://twitter.com/maxkeiser/status/752149213702651904		#	
	Take a break from stupid Brit tricks... Keiser Report: Summer Solutions (E938) https://youtu.be/ogQ5qqfJTbo  via @ YouTube	maxkeiser	21	9	1468156494	752128965918265344	https://twitter.com/maxkeiser/status/752128965918265344			@
	Le temps qu'il faut pour faire émerger un nouvel usage dans un monde connecté et globalisé http://www.businessinsider.com/blackrock-topic-we-should-be-paying-attention-charts-2015-12?IR=T …pic.twitter.com/yKx5BTfI1K	babgi	49	83	1468143112	752072841143681024	https://twitter.com/babgi/status/752072841143681024			
	Les compétences digitales fondamentales que l'on doit enseigner à nos enfantshttps://www.weforum.org/agenda/2016/06/8-digital-skills-we-must-teach-our-children?utm_content=buffer05c9f&utm_medium=social&utm_source=twitter.com&utm_campaign=buffer …	babgi	88	115	1468141710	752066958133174272	https://twitter.com/babgi/status/752066958133174272			
	challenges cette semaine	babgi	1	0	1468138089	752051770155757568	https://twitter.com/babgi/status/752051770155757568			
	"In the Blockchain ""code is law"" # oupa on va savoir avant le 14 juillethttp://www.usine-digitale.fr/article/la-blockchain-pose-de-serieux-problemes-de-confiance-de-droit-et-de-securite.N401527 …"	babgi	20	21	1468133236	752031415324278784	https://twitter.com/babgi/status/752031415324278784		#	
	Digital Banking Trends for 2016 Interview with @ Accenture http://bit.ly/237wMlL # fintech @ FinTechMafiapic.twitter.com/edZAN6ckrZ	JimMarous	8	11	1468168571	752179622469464065	https://twitter.com/JimMarous/status/752179622469464065		#	@ @
	It's Time for # CorporateBanking and # Fintech to Become 'Frenemies' http://on.bcg.com/29sZinz  @bcgperspectives @ BCGpic.twitter.com/XxDHmvo4eX	JimMarous	40	41	1468167602	752175558897700865	https://twitter.com/JimMarous/status/752175558897700865		# #	@bcgperspectives @
	Most of these lists are created through social scoring (right or wrong). # femtech, while worthy, don't share as much on social.	JimMarous	0	0	1468164590	752162926878822401	https://twitter.com/JimMarous/status/752162926878822401		#	
	@ elonmusk I may be in the minority, but I purposefully let Autopilot make non-critical errors & override at the last sec. Hope that helps!	VinnyLingham	4	0	1468175170	752207301860286464	https://twitter.com/VinnyLingham/status/752207301860286464			@
	that's exactly what I said a couple tweets ago ;)	VinnyLingham	3	0	1468130374	752019411800772608	https://twitter.com/VinnyLingham/status/752019411800772608			
	The ride home from our product planning session.pic.twitter.com/GLjTPJF0MD	officialmcafee	68	10	1468170542	752187890768240641	https://twitter.com/officialmcafee/status/752187890768240641			
	At home with the pups.pic.twitter.com/IWFELo5liD	officialmcafee	120	14	1468168952	752181220071579648	https://twitter.com/officialmcafee/status/752181220071579648			
	Q: When should you shoot a cop? A: The same time you would shoot any other human being. (Hopefully never)https://youtube.com/watch?v=cElTyqJkMEw …	rogerkver	33	29	1468164201	752161293436489728	https://twitter.com/rogerkver/status/752161293436489728			
bitcoin 	Less than 7 hours to sync a full node on hardware that costs about half as much as a new Bitcoin mining rig:https://www.youtube.com/watch?v=vL8ZRYsLdoY …	rogerkver	24	16	1468162273	752153207418163200	https://twitter.com/rogerkver/status/752153207418163200			
	thx	BrettKing	0	0	1468186702	752255670536249344	https://twitter.com/BrettKing/status/752255670536249344			
	do you know who is running this program/trial?	BrettKing	1	0	1468186418	752254479337127940	https://twitter.com/BrettKing/status/752254479337127940			
	ok	BrettKing	0	0	1468159721	752142504640864256	https://twitter.com/BrettKing/status/752142504640864256			
	Godhood is relative to humans. Agreed that an AI isn't omniscient. It's bound as we are, just more complex.	naval	2	0	1468179138	752223944174804992	https://twitter.com/naval/status/752223944174804992			
	The ironic ending writes itself.	naval	3	0	1468165820	752168085327454208	https://twitter.com/naval/status/752168085327454208			
	AI can trivially escape by offering first captor to release it Godhood, and punish rest. N-player Prisoners Dilemma.https://twitter.com/bfeld/status/752162179110100992 …	naval	67	19	1468165408	752166354749304832	https://twitter.com/naval/status/752166354749304832			
	amazing book, but good luck finishing it .	naval	2	0	1468121926	751983979704651777	https://twitter.com/naval/status/751983979704651777			
	Unless the subject is another cop, in which case, they act like a gang - neither law nor justice matter. Hence, no good cops.	aantonop	1	0	1468184230	752245302455742464	https://twitter.com/aantonop/status/752245302455742464			
	"Can't have order without justice. A ""justice"" system that allows some to get away with murder creates chaos."	aantonop	3	0	1468183871	752243793391333376	https://twitter.com/aantonop/status/752243793391333376			
bitcoin 	Bitcoin Programmable Money - Nov 2014: http://youtu.be/6IDzpvmGzxo?a  via @ YouTube	aantonop	25	19	1468183301	752241404391329792	https://twitter.com/aantonop/status/752241404391329792			@
	"So let me get this right.. @ deray has now spent more time in jail for ""blocking a highway"" than any of the cops who shot unarmed people. Ok"	aantonop	93	53	1468183123	752240656362328065	https://twitter.com/aantonop/status/752240656362328065			@
	You should be more concerned about your credibility. See no evil... is evil itself. The system murders with impunity.	aantonop	2	0	1468174809	752205785048854529	https://twitter.com/aantonop/status/752205785048854529			
	Innocent until proven guilty? Who, the person murdered? Or the cop who will never see a courtroom?	aantonop	3	0	1468174752	752205548401995776	https://twitter.com/aantonop/status/752205548401995776			
	"LOL ""good cops"". Unicorn Serpicohttps://twitter.com/BRedLove/status/752183923636002816 …"	aantonop	9	5	1468172049	752194210569154560	https://twitter.com/aantonop/status/752194210569154560			
bitcoin 	The Independent - The pound has officially become more unstable than Bitcoinhttp://www.independent.co.uk/news/business/news/brexit-pound-sterling-bitcoin-prices-unstable-volatile-exchange-referendum-a7129311.html …	ErikVoorhees	122	147	1468161392	752149511691132929	https://twitter.com/ErikVoorhees/status/752149511691132929			
bitcoin 	Bitcoin price at start of: 50btc era: $0 25btc era: $12 12.5btc era: $630 6.25btc era: ? # thehalvening h/t @ KonradSGraf	ErikVoorhees	67	48	1468120389	751977531184521217	https://twitter.com/ErikVoorhees/status/751977531184521217		#	@
bitcoin 	"The ""payable web"" is growing. @21 's marketplace demonstrates our future robot marketplace. https://21.co/mkt/ # bitcoin # compsci # tech"	ErikVoorhees	50	40	1468116003	751959137190178816	https://twitter.com/ErikVoorhees/status/751959137190178816		# # #	@21
	Exciting to see end to end encryption make its way into more messaging apps, a win for privacy & important trendhttps://whispersystems.org/blog/facebook-messenger/ …	brian_armstrong	15	7	1468176065	752211054336184320	https://twitter.com/brian_armstrong/status/752211054336184320			
	More convinced that 0.015 BTC is crucial support level for $ ETH. If it breaks, a bear market will very likely ensue.pic.twitter.com/ylH7166XqA	TuurDemeester	27	15	1468186655	752255472955252737	https://twitter.com/TuurDemeester/status/752255472955252737			
	2016: Candy/Peso at parityhttps://twitter.com/TuurDemeester/status/752199599276847105 …	TuurDemeester	4	2	1468175704	752209540238696448	https://twitter.com/TuurDemeester/status/752209540238696448			
	How an Argentine explains the Peso Inflation to his children (update needed)pic.twitter.com/OZgQMphmu6	TuurDemeester	102	91	1468173334	752199599276847105	https://twitter.com/TuurDemeester/status/752199599276847105			
	no	TuurDemeester	1	0	1468164686	752163327858581504	https://twitter.com/TuurDemeester/status/752163327858581504			
	why would that happen?	TuurDemeester	1	0	1468162139	752152646681825284	https://twitter.com/TuurDemeester/status/752152646681825284			
bitcoin 	Hypothesis: # bitcoin miners have hoarded BTC in anticipation of the halving. Now they're offloading, causing delay in supply shock.	TuurDemeester	62	36	1468160335	752145080186789888	https://twitter.com/TuurDemeester/status/752145080186789888		#	
	what about ltc/btc?	TuurDemeester	0	0	1468118653	751970252288880640	https://twitter.com/TuurDemeester/status/751970252288880640			
bitcoin 	# cryptography post quantum computer - http://csrc.nist.gov/publications/drafts/nistir-8105/nistir_8105_draft.pdf … @ leashless @ BitcoinByte	mrmainelli	5	3	1468169842	752184955309068288	https://twitter.com/mrmainelli/status/752184955309068288		#	@ @
	"""Plebicide n. self-inflicted ruin of a nation’s prospects via a reckless act of direct democracy"" Bruce Steedmanhttp://www.economist.com/news/letters/21701734-letters-editor …"	mrmainelli	3	7	1468152500	752112217487704064	https://twitter.com/mrmainelli/status/752112217487704064			
bitcoin 	Wanted a # blockchain that is more secure, and resistant to the vulnerabilities of ASIC & GPU mining. $ BSTY>>yescrypt https://bitcointalk.org/index.php?topic=775289.0 …	NetworksManager	9	9	1468177466	752216931982245888	https://twitter.com/NetworksManager/status/752216931982245888		#	
	Must # IMPEAHobama folks this # muslims SOB will be trying overthrow # gov even after Jan. # MAGA @ justinpetac @ cons1954https://twitter.com/NetworksManager/status/742841515580502017 …	NetworksManager	11	16	1468176753	752213939832950784	https://twitter.com/NetworksManager/status/752213939832950784		# # # #	@ @
	Establishment & islam overthrowing long standing allies, gov's worldwide # MAGA # Austria # DC @ ChukwumaOdelugo @ RT_comhttps://twitter.com/NetworksManager/status/748926512930381824 …	NetworksManager	10	17	1468159843	752143014475292672	https://twitter.com/NetworksManager/status/752143014475292672		# # #	@ @
	Right party is against muslims being in Europe seems they actually already won but fraud stopped count 5.5mil votes. @ sirludwig1 @ Boris_M_75	NetworksManager	9	9	1468159673	752142301489692672	https://twitter.com/NetworksManager/status/752142301489692672			@ @
	Can u imagine if Pres of United States protect wife who had knowledge of mafia murderers? # Obama # islam @ justinpetachttps://twitter.com/NetworksManager/status/750725864015429632 …	NetworksManager	11	24	1468156596	752129395758858241	https://twitter.com/NetworksManager/status/752129395758858241		# #	@
	islam kills, enlists & enslaves blacks for 1400 years and they still do it today. # ItsIslamStupid # MAGA # Barcelona # DC @ flappentak @ dacw10 – bei White House Rose Garden	NetworksManager	16	29	1468155972	752126777905086464	https://twitter.com/NetworksManager/status/752126777905086464		# # # #	@ @
	yes	NetworksManager	2	0	1468149724	752100574129160192	https://twitter.com/NetworksManager/status/752100574129160192			
	Maybe yes but once Spain was in EU was all over with no borders & Merkel inviting the horde @RevJimJonesInc @ dacw10https://twitter.com/NetworksManager/status/740287157781168129 …	NetworksManager	9	8	1468117578	751965743865073664	https://twitter.com/NetworksManager/status/751965743865073664			@RevJimJonesInc @
	LOOK told u muslims SAME in Europe Asia Central/South America>>civil unrest attack us n our own country. Baton Rougepic.twitter.com/7R5as1OVPH	NetworksManager	245	449	1468114388	751952362584018944	https://twitter.com/NetworksManager/status/751952362584018944			
	lol	NetworksManager	0	0	1468113059	751946786386878464	https://twitter.com/NetworksManager/status/751946786386878464			
	you got yourself in with your BS finky that's they way Twitter works	NetworksManager	1	0	1468112955	751946351789936640	https://twitter.com/NetworksManager/status/751946351789936640			
	ok finky	NetworksManager	2	0	1468109507	751931888546287616	https://twitter.com/NetworksManager/status/751931888546287616			
	typical response sadly didn't expect anything more from you.	NetworksManager	2	0	1468109289	751930977044267008	https://twitter.com/NetworksManager/status/751930977044267008			
	You know cair has been taking over BLM & in fact it's co-founder is a muslim? @ PattiFink @ Anuhint1 @ Thomas1774Painehttps://www.youtube.com/watch?v=XAc9emMSE4o …	NetworksManager	21	33	1468109164	751930450554281984	https://twitter.com/NetworksManager/status/751930450554281984			@ @ @
	BLM LOOKS used as front by cair & Obama's muslims gang>>DPD HQ Dallas Police Headquarters @ Anuhint1 @ Thomas1774Painehttps://twitter.com/NetworksManager/status/751507308639903744 …	NetworksManager	16	25	1468108471	751927545042534400	https://twitter.com/NetworksManager/status/751927545042534400			@ @
	still interesting	NetworksManager	0	0	1468105059	751913233389383680	https://twitter.com/NetworksManager/status/751913233389383680			
	# WhitePrivilegeMeans all these things plus add fact that we gave everybody everything free and they still hate us.pic.twitter.com/I9HAzeOLcG	NetworksManager	86	100	1468104024	751908890778935296	https://twitter.com/NetworksManager/status/751908890778935296		#	
	If anyone needs me, I'll be out playing # PokemonGo with my kiddos. # perspectivepic.twitter.com/cVPP7NZSKR	haydentiff	38	10	1468173354	752199682416345088	https://twitter.com/haydentiff/status/752199682416345088		# #	
	FYI -I take screen shots and report all threatening messages. Not only do they not deter me, they reaffirm and strengthen my positions.	haydentiff	32	4	1468168086	752177587972026369	https://twitter.com/haydentiff/status/752177587972026369			
	Thanks, Rosa! I'm super excited and I really appreciate your support! @ ClearvoterCEO @ WeAreClearvoter	haydentiff	2	4	1468165101	752165067571986432	https://twitter.com/haydentiff/status/752165067571986432			@ @
	Thank you! @ GerberKawasaki @ TruthYoda	haydentiff	2	2	1468159815	752142898418814977	https://twitter.com/haydentiff/status/752142898418814977			@ @
	If I put a new SIM into my phone, how is the app affected? @ Airbitz	haydentiff	1	2	1468137897	752050968062205952	https://twitter.com/haydentiff/status/752050968062205952			@
	Whoever is collecting and storing my data without my permission needs to find another way of doing business. @ shinguardian	haydentiff	7	3	1468121902	751983878328365056	https://twitter.com/haydentiff/status/751983878328365056			@
	Respectfully, it's not my job to solve every problem. Off the cuff -use an abstract identifier instead of personal identity. @ shinguardian	haydentiff	11	3	1468121705	751983052281159681	https://twitter.com/haydentiff/status/751983052281159681			@
	It certainly was that simple when retailers decided they had a right to it. The burden is on them to find a solution. @ shinguardian	haydentiff	3	3	1468121021	751980184614559744	https://twitter.com/haydentiff/status/751980184614559744			@
	When all of our cars are smart cars, who owns the data? @ shinguardian	haydentiff	3	3	1468120934	751979819743584256	https://twitter.com/haydentiff/status/751979819743584256			@
	I'm saying that when I shop at Walmart, they should not have automatic consent to store my data. It belongs exclusively to me. @ shinguardian	haydentiff	7	4	1468120884	751979608749199361	https://twitter.com/haydentiff/status/751979608749199361			@
	I disagree. Leak business IP and it's a federal crime. Hemorrhage the personal # data of millions of citizens, no big deal. @ shinguardian	haydentiff	8	6	1468120107	751976348449697797	https://twitter.com/haydentiff/status/751976348449697797		#	@
	For the first time in 20 years, people have a reason to leave the house. Augmented reality for the win! # PokemonGOpic.twitter.com/1392cQTaPo	haydentiff	34	4	1468119400	751973385811423232	https://twitter.com/haydentiff/status/751973385811423232		#	
	All of our data should be treated like IP. Nobody should have the right to collect, store, or sell it w/o permission. # PayRoyalties @ andzsy	haydentiff	10	5	1468119158	751972371347677185	https://twitter.com/haydentiff/status/751972371347677185		#	@
	An hour wait? Darn you, # PokemonGO. I want to play too. There are people outside playing this game EVERYWHERE.pic.twitter.com/JtDC6611JG	haydentiff	10	2	1468109515	751931923044368384	https://twitter.com/haydentiff/status/751931923044368384		#	
bitcoin 	My favorite brewery is owned by an early # Bitcoin miner. # LifeIsGood @ GerberKawasaki @ MadBitcoins @ woods_nh @ coindesk	haydentiff	9	1	1468105073	751913292809986048	https://twitter.com/haydentiff/status/751913292809986048		# #	@ @ @ @
	@SimonsMenno	haydentiff	1	2	1468104897	751912555770093568	https://twitter.com/haydentiff/status/751912555770093568			@SimonsMenno
	yep. Can't you tell by the yellow walls? Was big in 80's Lobdon	stacyherbert	0	0	1468187044	752257102501048321	https://twitter.com/stacyherbert/status/752257102501048321			
	lol, that's my reality 16 years later for sure.	stacyherbert	0	0	1468185375	752250102685765632	https://twitter.com/stacyherbert/status/752250102685765632			
	ha, I believe I only had one or two glasses of champagne the night before.	stacyherbert	0	0	1468185259	752249617757208576	https://twitter.com/stacyherbert/status/752249617757208576			
	it was. I remember it like it was yesterday	stacyherbert	1	0	1468185202	752249378455293952	https://twitter.com/stacyherbert/status/752249378455293952			
	London. Nottinghill	stacyherbert	0	0	1468185172	752249250201866240	https://twitter.com/stacyherbert/status/752249250201866240			
	lol, stop it! Yes. Was 16 years younger.	stacyherbert	1	0	1468185146	752249143792459776	https://twitter.com/stacyherbert/status/752249143792459776			
	My friend just sent me this photo taken January 1, 2000 the morning after we had partied like it's 1999.pic.twitter.com/AuEqvvtaun	stacyherbert	117	10	1468184988	752248478420656128	https://twitter.com/stacyherbert/status/752248478420656128			
	I prefer US speech laws just saying you'll never get to where we are.	stacyherbert	0	0	1468184603	752246865949822976	https://twitter.com/stacyherbert/status/752246865949822976			
	yup, but anyone saying this in UK would be charged with 'hate speech;' we have 1st Amendment here which allows anything to be said.	stacyherbert	0	0	1468184570	752246725847420928	https://twitter.com/stacyherbert/status/752246725847420928			
	Trolling # trendinghttps://twitter.com/nydailynews/status/752185959672901632 …	stacyherbert	7	3	1468184376	752245915562418177	https://twitter.com/stacyherbert/status/752245915562418177		#	
	https://twitter.com/maxkeiser/status/752243865411784704 …	stacyherbert	9	0	1468184040	752244503449313280	https://twitter.com/stacyherbert/status/752244503449313280			
	yes but that's because most - like ourselves - were barred from even covering it and so only had BBC coverage to inform me.	stacyherbert	2	0	1468183970	752244210603061248	https://twitter.com/stacyherbert/status/752244210603061248			
	Of course, @ maxkeiser lived almost exactly where this photo was taken.https://twitter.com/harryfear/status/752241593923543040 …	stacyherbert	10	10	1468183692	752243043722461188	https://twitter.com/stacyherbert/status/752243043722461188			@
	Hope she takes losing well.https://twitter.com/afp/status/752242038784098304 …	stacyherbert	37	21	1468183629	752242779858804736	https://twitter.com/stacyherbert/status/752242779858804736			
	urban camping IS our break	stacyherbert	0	1	1468183572	752242541764935680	https://twitter.com/stacyherbert/status/752242541764935680			
	Everywhere @ maxkeiser has lived is currently on fire ... sometimes literally so.https://twitter.com/standardnews/status/752241453762482177 …	stacyherbert	18	10	1468183546	752242431677071360	https://twitter.com/stacyherbert/status/752242431677071360			@
	Soho, NY.	stacyherbert	1	0	1468183242	752241156960952320	https://twitter.com/stacyherbert/status/752241156960952320			
	only joking; it's inside lifestyle camping shop. Whatever that means.	stacyherbert	0	0	1468183223	752241079353761792	https://twitter.com/stacyherbert/status/752241079353761792			
	Airbnb NY. Only 710/night!	stacyherbert	2	0	1468182721	752238970596126720	https://twitter.com/stacyherbert/status/752238970596126720			
	This rat took the wrong guy's pizza. Got whacked.https://twitter.com/maxkeiser/status/752235027019231232 …	stacyherbert	12	4	1468181991	752235910771728385	https://twitter.com/stacyherbert/status/752235910771728385			
	Soho, NYCpic.twitter.com/ztsTTzCp0c	stacyherbert	17	4	1468180261	752228654235738113	https://twitter.com/stacyherbert/status/752228654235738113			
	Notice also that, during each recession, there's a big drop that never recovers.https://twitter.com/lindayueh/status/752129603171328000 …	stacyherbert	18	15	1468156799	752130248158904320	https://twitter.com/stacyherbert/status/752130248158904320			
	Friday the 113th . . .https://twitter.com/itvnews/status/751969493241491456 …	stacyherbert	14	8	1468118815	751970930990190592	https://twitter.com/stacyherbert/status/751970930990190592			
	"LOL. ""Should investors be concerned?"" Nooooooo. Certainly not!?https://twitter.com/MoralVolcano/status/751958386355294208 …"	stacyherbert	14	13	1468118196	751968334040559616	https://twitter.com/stacyherbert/status/751968334040559616			
	When does Charlie Shrem get out?	stacyherbert	9	4	1468106146	751917792765575174	https://twitter.com/stacyherbert/status/751917792765575174			
	Second that, look forward to meeting you all too! :-) @Maniba_o @ UpRising_Brum @ ZaharaUK	sallyeaves	3	1	1468185952	752252522564288512	https://twitter.com/sallyeaves/status/752252522564288512			@Maniba_o @ @
	A pleasure. Hope you've had a great weekend :-)	sallyeaves	1	0	1468185304	752249804290420736	https://twitter.com/sallyeaves/status/752249804290420736			
	Look forward to popping in - looks amazing! @ RW_Birmingham	sallyeaves	1	1	1468181577	752234175458140160	https://twitter.com/sallyeaves/status/752234175458140160			@
	Love it when a plan comes together @ J21Coaching @ PrettyOddProps @ FarringdonForb @ AAAbbottStories @ PhotoboothBham always wanted to say that!	sallyeaves	4	3	1468181028	752231872940351488	https://twitter.com/sallyeaves/status/752231872940351488			@ @ @ @ @
	And to you @ J21Coaching :-) Collaboration and sharing - fantastic group! @ PrettyOddProps @ FarringdonForb @ AAAbbottStories @ PhotoboothBham	sallyeaves	5	3	1468180945	752231520794992640	https://twitter.com/sallyeaves/status/752231520794992640			@ @ @ @ @
	It's case of the # mobile says no @ PhotoboothBham ! Keep going :-) @ J21Coaching @ BrumHour @ AAAbbottStories @ PartiesMidlands @ RascalsToyShop	sallyeaves	3	2	1468180406	752229260140707840	https://twitter.com/sallyeaves/status/752229260140707840		#	@ @ @ @ @ @
	Has to be done! @ J21Coaching Hope everyones had great day @ PhotoboothBham @ BrumHour @ AAAbbottStories @ PartiesMidlands @ RascalsToyShop	sallyeaves	2	2	1468180303	752228831541460992	https://twitter.com/sallyeaves/status/752228831541460992			@ @ @ @ @ @
	With you! @ PhotoboothBham in very similar position! @ J21Coaching @ BrumHour @ AAAbbottStories @ PartiesMidlands @ RascalsToyShop # BrumHour	sallyeaves	1	0	1468180072	752227861965209602	https://twitter.com/sallyeaves/status/752227861965209602		#	@ @ @ @ @ @
	Enjoy Moni!! Fly high :-) @ mbla807 @ elephantgurl24 @ sardnas51 @ MsTerionam @ DooleysRosevl @ ZubinF	sallyeaves	5	2	1468179756	752226537269760000	https://twitter.com/sallyeaves/status/752226537269760000			@ @ @ @ @ @
	A tiebreak masterclass! # AndyMurray wins # Wimbledon 2016 # WimbledonFinals Fantastic!	sallyeaves	5	1	1468166466	752170792281145344	https://twitter.com/sallyeaves/status/752170792281145344		# # #	
	A pleasure Jay - great to share ideas! :)	sallyeaves	1	0	1468165487	752166687902801920	https://twitter.com/sallyeaves/status/752166687902801920			
	Would love to learn more on these and yes can imagine is a problem. I speak Spanish very well which helps translate language gaps :)	sallyeaves	1	0	1468165464	752166589978607617	https://twitter.com/sallyeaves/status/752166589978607617			
	Fantastic example of a student driven # biotech project creating # techforgood ! # greenhttps://twitter.com/akwyz/status/752113762556084224 …	sallyeaves	4	2	1468162777	752155321100079105	https://twitter.com/sallyeaves/status/752155321100079105		# # #	
	That sounds a perfect Sunday! Eclectic range of activities here!	sallyeaves	0	0	1468159651	752142211026919424	https://twitter.com/sallyeaves/status/752142211026919424			
	Well said! Hope you are having a brilliant day Selim. Great to share	sallyeaves	0	0	1468158932	752139194500313088	https://twitter.com/sallyeaves/status/752139194500313088			
	Thanks Simon hope you are having a great Sunday!	sallyeaves	0	0	1468156489	752128946540609536	https://twitter.com/sallyeaves/status/752128946540609536			
	Love that pic, enjoy your day! # Euro2016Final	sallyeaves	1	0	1468154831	752121992380354560	https://twitter.com/sallyeaves/status/752121992380354560		#	
	Thanks Elaine! Archie is delight, a rescue greyhound, loves chasing a ball and cuddles :-) Gets hayfever in grass bless!	sallyeaves	2	0	1468151233	752106902289584128	https://twitter.com/sallyeaves/status/752106902289584128			
	Absolutely! @ YoungAsianE # collaboration and true # social engagement on and offline is the natural way :-) # sozbiz Great projects ahead!!!	sallyeaves	3	1	1468151117	752106416727592960	https://twitter.com/sallyeaves/status/752106416727592960		# # #	@
	A picture of happiness - smiles go miles! # ThinkBIGSundayWithMarsha # dogspic.twitter.com/rvKcTwXECh	sallyeaves	29	10	1468150140	752102315511967744	https://twitter.com/sallyeaves/status/752102315511967744		# #	
	All great here thanks Tom, hope same with you! # SundayBrunch	sallyeaves	0	0	1468149843	752101070382530560	https://twitter.com/sallyeaves/status/752101070382530560		#	
	Love that Tom thanks, made me smile and smiles go miles	sallyeaves	1	1	1468145425	752082539301466112	https://twitter.com/sallyeaves/status/752082539301466112			
	Have a wonderful Sunday everyone @ monibhachu @ mbla807 @ dandb200 @ TOdessaKane13	sallyeaves	5	2	1468145230	752081724046241792	https://twitter.com/sallyeaves/status/752081724046241792			@ @ @ @
	Thanks Tom have a great day everyone @IlsunYang @ 5Pint @ Anariki09 @ Tom__Coleman @ KittyBankz	sallyeaves	1	1	1468145170	752081472547323904	https://twitter.com/sallyeaves/status/752081472547323904			@IlsunYang @ @ @ @
	Pleasure to share ideas Christoph!	sallyeaves	0	0	1468143002	752072379287924736	https://twitter.com/sallyeaves/status/752072379287924736			
	Pleasure Edward have a great weekend everyone @ StuStatt @ wedonopeneyes @ TyTribble @ leeannallman	sallyeaves	3	1	1468104599	751911305720856576	https://twitter.com/sallyeaves/status/751911305720856576			@ @ @ @
	Learn how to protect your assets. # Dollar # PetroDollar Subscribe here--> http://buff.ly/1TFC7sO pic.twitter.com/ZOJgmLwrN7	DollarVigilante	12	4	1468180781	752230835236012032	https://twitter.com/DollarVigilante/status/752230835236012032		# #	
	Learn about protecting your assets at The Dollar Vigilante # Dollar # Gold http://ow.ly/IOCP3000UBN pic.twitter.com/jxvxUK67L3	DollarVigilante	9	1	1468179883	752227069321510912	https://twitter.com/DollarVigilante/status/752227069321510912		# #	
	How to Become a Perpetual Travel/Prior Taxpayer and Legally Never Pay Tax Again https://www.dollarvigilante.com/blog/2016/04/26/become-perpetual-travelerprior-taxpayer-pt-legally-never-pay-tax.html …pic.twitter.com/V1VrBF7Vn4	DollarVigilante	11	3	1468178370	752220724627111940	https://twitter.com/DollarVigilante/status/752220724627111940			
	Here’s What You’re Not Supposed to Know About Propaganda http://ift.tt/29wgA9N	DollarVigilante	9	6	1468177573	752217380256903168	https://twitter.com/DollarVigilante/status/752217380256903168			
	Surviving and Prospering during and after the dollar collapse http://buff.ly/1TFC7sO # Investingpic.twitter.com/yLZf39IuTz	DollarVigilante	12	2	1468172558	752196346191511556	https://twitter.com/DollarVigilante/status/752196346191511556		#	
bitcoin 	Subscribe to the Dollar Vigilante # Mining # Bitcoin # Investing http://ow.ly/IOCP3000UBN pic.twitter.com/fRQxY5hzvV	DollarVigilante	7	0	1468168659	752179992663064577	https://twitter.com/DollarVigilante/status/752179992663064577		# # #	
	Pope Francis Calls For Worldwide Communist Government # Communism # Catholic https://www.dollarvigilante.com/blog/2016/05/12/pope-francis-calls-worldwide-communist-government.html …pic.twitter.com/P4KntQ22du	DollarVigilante	10	5	1468167571	752175430329856000	https://twitter.com/DollarVigilante/status/752175430329856000		# #	
bitcoin 	What is the purpose of # Bitcoin ? Subscribe--> http://buff.ly/1TFC7sO pic.twitter.com/1zfj5clqxT	DollarVigilante	7	7	1468164333	752161849127370752	https://twitter.com/DollarVigilante/status/752161849127370752		#	
	Learn about protecting your assets at The Dollar Vigilante # Dollar # Gold http://ow.ly/IOCP3000UBN pic.twitter.com/tkCdvUb6U6	DollarVigilante	6	0	1468157436	752132917975973888	https://twitter.com/DollarVigilante/status/752132917975973888		# #	
	"Eric July "" # Statism and # Ancap Rap "" # Music # Video https://www.dollarvigilante.com/blog/2016/04/19/anarchast-eric-july-statism-ancap-rap.html …pic.twitter.com/mabdqEPhS6"	DollarVigilante	5	1	1468156654	752129638252548096	https://twitter.com/DollarVigilante/status/752129638252548096		# # # #	
	# TDV # Quotes Subscribe--> http://buff.ly/1TFC7sO pic.twitter.com/mQ9rW0OjEv	DollarVigilante	11	1	1468156112	752127366131019777	https://twitter.com/DollarVigilante/status/752127366131019777		# #	
	Fighting for Peace is like screwing for virginity # Peace # AnCap http://buff.ly/1TFC7sO pic.twitter.com/mMZTRwdDeU	DollarVigilante	28	12	1468147890	752092878843875328	https://twitter.com/DollarVigilante/status/752092878843875328		# #	
bitcoin 	Subscribe and learn! # Investing # Gold # Bitcoin # Mining # Shemitah http://ow.ly/IOCP3000UBN pic.twitter.com/zqbsdvLyRE	DollarVigilante	6	0	1468146211	752085839526567936	https://twitter.com/DollarVigilante/status/752085839526567936		# # # # #	
	Elite's Jubilee Year Plan to Crash the World # Economy # Shemitah https://www.dollarvigilante.com/blog/2016/03/29/super-shemitah-elites-jubilee-year-plan-to-crash-world-economy-by-october-2016-video-released.html …pic.twitter.com/78L6rPxRE0	DollarVigilante	12	6	1468145852	752084332915920896	https://twitter.com/DollarVigilante/status/752084332915920896		# #	
	Protect Your Family and Investments # SHTF # Socialism # Venezuela Subscribe here--> http://buff.ly/1TFC7sO pic.twitter.com/wnLycPh3PN	DollarVigilante	12	6	1468139670	752058402130583552	https://twitter.com/DollarVigilante/status/752058402130583552		# # #	
bitcoin ethereum 	Juan Galt: What is Going on With Ethereum? Video http://ow.ly/8QAe301FF46 # DAO # Ethereum # Bitcoinpic.twitter.com/bn376vSZYN	DollarVigilante	12	4	1468135051	752039031182155776	https://twitter.com/DollarVigilante/status/752039031182155776		# # #	
bitcoin 	Subscribe to the Dollar Vigilante # Mining # Bitcoin # Investing http://ow.ly/IOCP3000UBN pic.twitter.com/ZWysKtddbz	DollarVigilante	7	2	1468134991	752038777284136960	https://twitter.com/DollarVigilante/status/752038777284136960		# # #	
	George Soros predicts riots, police state and civil war for Americahttp://ift.tt/29viirW	DollarVigilante	18	19	1468134981	752038737635409924	https://twitter.com/DollarVigilante/status/752038737635409924			
	What if I Told You Trump Works for the Russians Now? http://ift.tt/29Z0ssR	DollarVigilante	9	2	1468133014	752030484071415808	https://twitter.com/DollarVigilante/status/752030484071415808			
	# TDV # Quotes Subscribe--> http://buff.ly/1TFC7sO pic.twitter.com/fuKY3nl2Rg	DollarVigilante	12	3	1468131450	752023924314103808	https://twitter.com/DollarVigilante/status/752023924314103808		# #	
	Activist Deray Mckesson Arrested While Livestreaming In Baton Rouge http://ift.tt/29pZMLA	DollarVigilante	8	5	1468126834	752004565021650944	https://twitter.com/DollarVigilante/status/752004565021650944			
	Survive the Disasters of 2016 the New TDV Survival Based Video Library https://www.dollarvigilante.com/blog/2016/04/11/survive-the-disasters-of-2016-with-our-new-tdv-survival-based-video-library.html …pic.twitter.com/fnKJojE3lK	DollarVigilante	7	2	1468124250	751993725333667840	https://twitter.com/DollarVigilante/status/751993725333667840			
	Surviving and Prospering During and After the Economic Collapse # Investing http://ow.ly/IOCP3000UBN pic.twitter.com/M20OVwgyLa	DollarVigilante	7	1	1468123772	751991721102307328	https://twitter.com/DollarVigilante/status/751991721102307328		#	
	# TDV # Quotes Subscribe--> http://buff.ly/1TFC7sO pic.twitter.com/95cP0ve6SC	DollarVigilante	8	0	1468123559	751990828101410816	https://twitter.com/DollarVigilante/status/751990828101410816		# #	
	What is more important? # Economics # LGBT Subscribe--> http://buff.ly/1TFC7sO pic.twitter.com/IoCyrRqADD	DollarVigilante	13	7	1468119039	751971869780246528	https://twitter.com/DollarVigilante/status/751971869780246528		# #	
	They Know It’s Coming: Insurance Company Risk Experts Have Started Hoarding Physical Gold and Cash Ahead Of Crisis http://snip.ly/rtm6q …	DollarVigilante	12	6	1468118043	751967693687943168	https://twitter.com/DollarVigilante/status/751967693687943168			
	NATO Summit Closes By Condemning Russia http://ift.tt/29xUlhL	DollarVigilante	7	3	1468117774	751966564606443525	https://twitter.com/DollarVigilante/status/751966564606443525			
	Learn how to make 100% or more gains in your portfolio today! # Investing http://ow.ly/IOCP3000UBN pic.twitter.com/USEgzA0ABv	DollarVigilante	6	0	1468115920	751958787947462656	https://twitter.com/DollarVigilante/status/751958787947462656		#	
	What You’re Not Being Told About Black Lives Matter http://ift.tt/29DDMAW	DollarVigilante	10	5	1468115057	751955169051611136	https://twitter.com/DollarVigilante/status/751955169051611136			
	The # Brexit Psyop: Greenspan Blames the Brits for the Crash. https://www.dollarvigilante.com/blog/2016/06/27/brexit-psyop-greenspan-falsely-blames-brits-crash-chaos-follow.html …pic.twitter.com/w4Tz7ZDWeu	DollarVigilante	12	9	1468113459	751948465379348481	https://twitter.com/DollarVigilante/status/751948465379348481		#	
	Cheers Vigilantes! @ blocksafe @ inscamerated @ amandajnmaui @ SkyzaLimitPro @Nzallblack @ name47z # Anarchism # Voluntaryism	DollarVigilante	5	2	1468113362	751948060939386881	https://twitter.com/DollarVigilante/status/751948060939386881		# #	@ @ @ @ @Nzallblack @
	Drones Are Now Being Used in America to Blow Up US Citizens Without Trial http://ift.tt/29oVJ6Z	DollarVigilante	10	7	1468112380	751943941981933568	https://twitter.com/DollarVigilante/status/751943941981933568			
bitcoin 	Decentralize the # Money # CentralBanks # Bitcoin Subscribe here--> http://buff.ly/1TFC7sO pic.twitter.com/dqNsefFfZv	DollarVigilante	12	1	1468110818	751937390323924992	https://twitter.com/DollarVigilante/status/751937390323924992		# # #	
	Corbett Report: Dallas Ambush Follows Pattern of Provocateured False Flags (VIDEO) http://ift.tt/29GAXxB	DollarVigilante	7	3	1468110574	751936366951497728	https://twitter.com/DollarVigilante/status/751936366951497728			
	POLL: 94% of People Wanted Hillary Indicted Troubles Mount for HIllaryhttp://ift.tt/29uML9p	DollarVigilante	9	5	1468108702	751928514404835328	https://twitter.com/DollarVigilante/status/751928514404835328			
bitcoin 	Subscribe and learn! # Investing # Gold # Bitcoin # Mining # Shemitah http://ow.ly/IOCP3000UBN pic.twitter.com/u8lxPC6E0Y	DollarVigilante	8	0	1468104700	751911726178791424	https://twitter.com/DollarVigilante/status/751911726178791424		# # # # #	
	Reporter Mocks Absurd Police Response Time in Dramatic Fashion http://ift.tt/29oLzmP	DollarVigilante	9	6	1468103207	751905466104578048	https://twitter.com/DollarVigilante/status/751905466104578048			
	How to Protect Your Family. # Economy # Video # Shemitah https://www.dollarvigilante.com/blog/2016/04/10/the-coming-collapse-will-be-talked-about-for-centuries-if-we-are-even-still-here-to-talk-about-it.html …pic.twitter.com/kMzIKt3ZEF	DollarVigilante	6	3	1468102658	751903162534137856	https://twitter.com/DollarVigilante/status/751903162534137856		# # #	
	# TDV # Quotes http://dollarvigilante.com pic.twitter.com/yLlI9D5cGe	DollarVigilante	10	10	1468102600	751902919688130560	https://twitter.com/DollarVigilante/status/751902919688130560		# #	
	Cheers Vigilantes! @ RandyHilarski @ Trump_Videos @ CashClamber @ JimKing1 @ TheHalliCJShow @ bigBucksCo # Anarchism # Voluntaryism	DollarVigilante	1	0	1468102590	751902877002719232	https://twitter.com/DollarVigilante/status/751902877002719232		# #	@ @ @ @ @ @
	The shot of @ buffalobills superfan Pinto Ron in Part 1 of @ espn # OJMadeInAmerica is terrific.pic.twitter.com/ww4Acyf2Lt	readDanwrite	7	1	1468182324	752237308544446464	https://twitter.com/readDanwrite/status/752237308544446464		#	@ @
	Rickie Fowler has committed to Rio Olympics. 16 other top golfers dropped out. See our list & story: http://yhoo.it/29tP5O5 @ YahooFinance	readDanwrite	11	7	1468181639	752234432694738944	https://twitter.com/readDanwrite/status/752234432694738944			@
	really smart move for @ RickieFowler to go to Rio, makes him look great in face of so many top golfers bailing. Spieth hasn't decided yet.	readDanwrite	1	1	1468181568	752234137382256644	https://twitter.com/readDanwrite/status/752234137382256644			@
	He's going!!!!!!https://twitter.com/rickiefowler/status/752210386057883648 …	readDanwrite	2	0	1468181474	752233741251215361	https://twitter.com/readDanwrite/status/752233741251215361			
	"""It's called Pokemon Go and it's basically the worst thing ever and it's ruining my life"" -- # BeadleAndShelburne"	readDanwrite	4	0	1468173156	752198852216819713	https://twitter.com/readDanwrite/status/752198852216819713		#	
	how long til the first death caused by someone playing Pokémon while driving?	readDanwrite	0	1	1468171970	752193879907196928	https://twitter.com/readDanwrite/status/752193879907196928			
	You gotta love a # Wimbledon  final where the two brands repped are Under Armour (Murray) and... New Balance! (Raonic.)	readDanwrite	1	1	1468162776	752155315169271808	https://twitter.com/readDanwrite/status/752155315169271808		#	
	This @ nypost story is about three years late:http://nypost.com/2016/07/09/a-war-is-brewing-between-under-armour-and-nike/?utm_campaign=SocialFlow&utm_source=NYPTwitter&utm_medium=SocialFlow&sr_share=twitter …	readDanwrite	2	1	1468162158	752152724268060672	https://twitter.com/readDanwrite/status/752152724268060672			@
	This is good and smart. @ andyroddickhttps://twitter.com/andyroddick/status/752143609495904257 …	readDanwrite	0	0	1468160262	752144770080931841	https://twitter.com/readDanwrite/status/752144770080931841			@
	Delivering successful # Fintech innovation in large # Finserv is less about Business or Technology expertise and more about Culture & Mindset	sbmeunier	17	19	1468184423	752246108802453509	https://twitter.com/sbmeunier/status/752246108802453509		# #	
	Good read The reality of # AR # VR survival # tech https://techcrunch.com/2016/07/09/the-reality-of-arvr-survival/ …	sbmeunier	2	3	1468182797	752239291351363584	https://twitter.com/sbmeunier/status/752239291351363584		# # #	
	wrong link indeed	sbmeunier	1	0	1468182704	752238900924612613	https://twitter.com/sbmeunier/status/752238900924612613			
	you have the link in the tweet. did you find it?	sbmeunier	1	0	1468181919	752235609192824832	https://twitter.com/sbmeunier/status/752235609192824832			
ethereum 	# Krypton Wants to Become A Faster Ethereum # smartcontract # fintech @ covertress http://ow.ly/ZjO030269Eu pic.twitter.com/g83qUYV8KR	sbmeunier	7	11	1468177508	752217105626501120	https://twitter.com/sbmeunier/status/752217105626501120		# # #	@
	Smart contract use cases in industry # fintech # insurtech # blockchain http://dupress.com/articles/using-blockchain-for-smart-contracts/ …pic.twitter.com/QMEM2mVuy6	sbmeunier	50	65	1468170023	752185712758358016	https://twitter.com/sbmeunier/status/752185712758358016		# # #	
	Where Asian tech firms are investing in # Fintech # payments # lending @ CBinsights http://ow.ly/wWxd30267CR pic.twitter.com/1RyJZW5M7Q	sbmeunier	4	15	1468167008	752173066566991872	https://twitter.com/sbmeunier/status/752173066566991872		# # #	@
	Benchmarking CrunchBase's Top 25 # AI # Startups # Fintech http://www.forbes.com/sites/louiscolumbus/2016/06/22/benchmarking-crunchbases-top-25-artificial-intelligence-startups/#55d7184269fd …pic.twitter.com/fRGEvfXgId	sbmeunier	3	5	1468164611	752163013893951492	https://twitter.com/sbmeunier/status/752163013893951492		# # # #55d7184269fd	
	Thanks Noelle :-)	sbmeunier	1	0	1468164235	752161436332425216	https://twitter.com/sbmeunier/status/752161436332425216			
	Pundits' opinions on # blockchain based on understanding of technology & finance # Fintech # Insurtechpic.twitter.com/udLgd9IstG	sbmeunier	62	72	1468162476	752154056437665792	https://twitter.com/sbmeunier/status/752154056437665792		# # #	
	downloading PokemonGo. productivity expected to be zero for the next five hours.	Melt_Dem	11	0	1468187886	752260633631023104	https://twitter.com/Melt_Dem/status/752260633631023104			
	Nothing infuriates me as much as tying to capture a complex dist sys trade-off as a dumbass triangle that isn't even correct.	el33th4xor	18	6	1468186830	752256204462780416	https://twitter.com/el33th4xor/status/752256204462780416			
bitcoin 	Renowned Futurists Merkle, Hanson on the Future of Government Using DAOs and Prediction Markets https://bitcoinmagazine.com/articles/renowned-futurists-merkle-hanson-on-the-future-of-government-using-daos-and-prediction-markets-1468009940 … via @ BitcoinMagazine	el33th4xor	30	15	1468167354	752174518454583296	https://twitter.com/el33th4xor/status/752174518454583296			@
	Yes.	el33th4xor	0	0	1468163731	752159322529009664	https://twitter.com/el33th4xor/status/752159322529009664			
	great, we share the same view, so let's chill and enjoy our halving.	el33th4xor	6	0	1468108031	751925697778749440	https://twitter.com/el33th4xor/status/751925697778749440			
	@ jpblincoe jeez, who said it wasn't? And I bet I'm having more fun than you are at my halving party.	el33th4xor	1	0	1468107106	751921818500464640	https://twitter.com/el33th4xor/status/751921818500464640			@
	I meant in a math sense, aka continuous function. Why all the hostility? What do you think you are achieving with it?	el33th4xor	3	1	1468107063	751921639617597440	https://twitter.com/el33th4xor/status/751921639617597440			
bitcoin 	The next @ ScalingBitcoin conference will take place on October 8-9th in Milan. Look forward to the community coming together in Italia!	starkness	64	50	1468170523	752187810359095296	https://twitter.com/starkness/status/752187810359095296			@
	Why the World Is Better Than You Think in 10 Powerful Charts via @ SingularityHub http://singularityhub.com/2016/06/27/why-the-world-is-better-than-you-think-in-10-powerful-charts/#.V4Kchui8_W4.twitter …	SimonCocking	3	1	1468177544	752217257510572032	https://twitter.com/SimonCocking/status/752217257510572032		#	@
	# future of # blood testing by @ justin_d_lawler tmrw in http://irishtechnews.net/ITN3/ @ SimonCocking @ Irish_TechNewspic.twitter.com/c9dlpBUglg	SimonCocking	5	3	1468176889	752214510509953024	https://twitter.com/SimonCocking/status/752214510509953024		# #	@ @ @
	@ hcpearson hope all is well, we'd be interested in reviewing your book 'The life project' http://irishtechnews.net/ITN3/category/reviews/ … thanks @ SimonCocking	SimonCocking	0	0	1468172461	752195940245762048	https://twitter.com/SimonCocking/status/752195940245762048			@ @
	Game, set and match http://bbc.in/29AKOpm  via @ BBCSport	SimonCocking	2	0	1468166648	752171556340654080	https://twitter.com/SimonCocking/status/752171556340654080			@
	Murray doing great # Murray # MurrayRaonic come on Scotland, UK, er # ScotExit # Wimbledon # WimbledonFinalspic.twitter.com/pgCthfiBDt	SimonCocking	10	2	1468161867	752151505889812480	https://twitter.com/SimonCocking/status/752151505889812480		# # # # #	
	Bláthanna fiáine, oileán Chléire https://oilenchlireeachtra.wordpress.com/2016/07/10/blathanna-fiaine-oilean-chleire/ … via @ wordpressdotcom	SimonCocking	4	1	1468153288	752115519558418432	https://twitter.com/SimonCocking/status/752115519558418432			@
	Great response to inaugural DatSci Awards prompts application extension http://datsciawards.ie/great-response-to-inaugural-datsci-awards-prompts-application-extension/ …	SimonCocking	1	0	1468151414	752107661391429633	https://twitter.com/SimonCocking/status/752107661391429633			
	@ TEDxWexford hi, any more details on when this will be? Thanks @ SimonCocking	SimonCocking	1	1	1468150217	752102640922812416	https://twitter.com/SimonCocking/status/752102640922812416			@ @
	# Spaghetti mara. Himanthalia elongata https://oilenchlireeachtra.wordpress.com/2016/07/10/spaghetti-mara-himanthalia-elongata/ … via @ wordpressdotcom	SimonCocking	0	0	1468150074	752102041355448322	https://twitter.com/SimonCocking/status/752102041355448322		#	@
	Just started reading Digital Banking Tips by @ ttavlas so far so good http://irishtechnews.net/ITN3/category/reviews/ … @ SimonCocking @ Irish_TechNews	SimonCocking	1	1	1468149369	752099084643753984	https://twitter.com/SimonCocking/status/752099084643753984			@ @ @
	great, emailed over more details, thanks @ SimonCocking	SimonCocking	0	0	1468144825	752080024958799873	https://twitter.com/SimonCocking/status/752080024958799873			@
	Featured on Tuesday @ clickwitchery Startup Business Showcase http://irishtechnews.net/ITN3/category/business-showcase/ … @ SimonCocking @ Irish_TechNewspic.twitter.com/t2x2fJL9sF	SimonCocking	6	4	1468142529	752070394555797504	https://twitter.com/SimonCocking/status/752070394555797504			@ @ @
	Latest great piece on social media tips by @ GusRyan100 tmrw in @ Irish_TechNews http://irishtechnews.net/ITN3/?s=Gus+Ryan … @ SimonCockingpic.twitter.com/Vkt7zTHsdo	SimonCocking	4	3	1468138530	752053620326162432	https://twitter.com/SimonCocking/status/752053620326162432			@ @ @
	Latest post by @ Janzelone1 featured tmrw in @ Irish_TechNews @ SimonCocking http://irishtechnews.net/ITN3/?s=Fintech pic.twitter.com/Efz2HErrE3	SimonCocking	4	2	1468137219	752048121996271616	https://twitter.com/SimonCocking/status/752048121996271616			@ @ @
	FinTech? Don't You Mean FunTech? By Jaimie Anzelone, - http://go.shr.lc/1VUovNV  via @ Irish_TechNews	SimonCocking	4	0	1468136724	752046046763704320	https://twitter.com/SimonCocking/status/752046046763704320			@
	Spaghetti mara. Himanthalia elongata https://oilenchlireeachtra.wordpress.com/2016/07/10/spaghetti-mara-himanthalia-elongata/ … via @ wordpressdotcom	SimonCocking	0	0	1468136335	752044416878145536	https://twitter.com/SimonCocking/status/752044416878145536			@
	@ mryap thanks 4 following fyi http://irishtechnews.net/ITN3/startups-software-for-good-biotech-fintech-iot-coderdojo-road-tech-it-must-be-the-weekend-tech-digest/ … interested in featuring sometime? thanks @ SimonCocking @ Irish_TechNews	SimonCocking	0	0	1468134508	752036752064450560	https://twitter.com/SimonCocking/status/752036752064450560			@ @ @
	@ IrelandinHK thanks 4 following fyi http://irishtechnews.net/ITN3/startups-software-for-good-biotech-fintech-iot-coderdojo-road-tech-it-must-be-the-weekend-tech-digest/ … interested in featuring sometime? thanks @ SimonCocking @ Irish_TechNews	SimonCocking	0	0	1468134445	752036485902241792	https://twitter.com/SimonCocking/status/752036485902241792			@ @ @
	@ TCDBusiness thanks for follow fyi http://irishtechnews.net/ITN3/business-showcase-networking-technologies-higher-certificate-in-science-in-computing-itb-blanchardstown-dublin/ … interested in featuring also? @ SimonCocking @ Irish_TechNews	SimonCocking	0	0	1468133973	752034509680435200	https://twitter.com/SimonCocking/status/752034509680435200			@ @ @
	@ alextapscott thanks 4 follow, we're big fans http://irishtechnews.net/ITN3/?s=blockchain … we'd be interested in reviewing your bk @ SimonCocking @ Irish_TechNews	SimonCocking	0	0	1468133619	752033023999217664	https://twitter.com/SimonCocking/status/752033023999217664			@ @ @
	no casino in Vadra I think.	GerberKawasaki	1	0	1468181183	752232522717638657	https://twitter.com/GerberKawasaki/status/752232522717638657			
	it's soccer. 0-0 is the norm. Ready for the kicks at the end. That part is good. # Euro2016Finale	GerberKawasaki	0	0	1468181154	752232399203737600	https://twitter.com/GerberKawasaki/status/752232399203737600		#	
	Student loans.https://twitter.com/marketwatch/status/752227774568361984 …	GerberKawasaki	6	5	1468181036	752231905697816576	https://twitter.com/GerberKawasaki/status/752231905697816576			
	totally agree love the Wynn. It's time for non smoking casinos. Please.	GerberKawasaki	1	0	1468180878	752231243010363392	https://twitter.com/GerberKawasaki/status/752231243010363392			
	Wanted to watch # Euro2016Finale went onto # espn app push one button. Im watching. Twitter can learn from this $ dis $ twtr # sports	GerberKawasaki	6	0	1468180636	752230225828655104	https://twitter.com/GerberKawasaki/status/752230225828655104		# # #	
	I like Twitter. I'm not an investor. I want it to get better and survive.	GerberKawasaki	2	0	1468179812	752226770628124672	https://twitter.com/GerberKawasaki/status/752226770628124672			
	I didn't saw we should ban UFC. I mearly think it's a step down for civilization. Beaten bloody women fights. Not for me.	GerberKawasaki	0	0	1468179724	752226400032010240	https://twitter.com/GerberKawasaki/status/752226400032010240			
	imagine if we addressed both guns and prescription drugs. That would save a lot of young people's lives.	GerberKawasaki	0	0	1468179662	752226139574185984	https://twitter.com/GerberKawasaki/status/752226139574185984			
	I love England. I like gnr just saw them and was not impressed by fat axl. Like boxing. Don't like ufc. We can be friends.	GerberKawasaki	1	0	1468179582	752225806533816320	https://twitter.com/GerberKawasaki/status/752225806533816320			
	that statement is fundamentally incorrect. More printed money means less value for Money that exists. That's Econ.	GerberKawasaki	0	0	1468179457	752225282925273089	https://twitter.com/GerberKawasaki/status/752225282925273089			
	Another win for # underarmour # AndyMurray wins # WimbledonFinals $ UA	GerberKawasaki	4	3	1468166696	752171757272903680	https://twitter.com/GerberKawasaki/status/752171757272903680		# # #	
	This is the best way to see # GunsNRoses save yourself the time and money.https://twitter.com/axstvconcerts/status/752170787067596800 …	GerberKawasaki	2	0	1468166555	752171167830544384	https://twitter.com/GerberKawasaki/status/752171167830544384		#	
	every time you print a dollar. The dollars you have have less value. This is how the Romans failed. Inflation.	GerberKawasaki	0	0	1468166437	752170671229145088	https://twitter.com/GerberKawasaki/status/752170671229145088			
	it's amazing how hard it is to find it. Typical fail.	GerberKawasaki	0	0	1468166337	752170251354124288	https://twitter.com/GerberKawasaki/status/752170251354124288			
	I'm getting moments. Not the live feed. It should be at the top when I open the app. # Wimbledon2016 live feed # Twitter.	GerberKawasaki	1	0	1468166252	752169897426243589	https://twitter.com/GerberKawasaki/status/752169897426243589		# #	
	this I agree with. If govs weren't inept we would see fiscal stimulus which is much better than monetary.	GerberKawasaki	0	0	1468166172	752169558601977857	https://twitter.com/GerberKawasaki/status/752169558601977857			
	@ MarkYusko @ LeederOfThePack demographic issues cannot be solved by rates. Japan is a declining civilization. No immigrants.	GerberKawasaki	0	0	1468166121	752169345040601089	https://twitter.com/GerberKawasaki/status/752169345040601089			@ @
bitcoin 	if currencies lose value what gains. Look at gold, RE, stocks and bonds. All going up. Don't forget # Bitcoin too.	GerberKawasaki	0	0	1468166067	752169118720102400	https://twitter.com/GerberKawasaki/status/752169118720102400		#	
	Great journalism @ latimes on the prescription # drug epidemic & the drug companies that close their eyes to it.http://www.latimes.com/projects/la-me-oxycontin-part2/#nt=oft12aH-1la1 …	GerberKawasaki	30	4	1468165970	752168713802002432	https://twitter.com/GerberKawasaki/status/752168713802002432		# #nt	@
	how do you put Mac and cheese on this list and think anything else can compete. Save me some! $ tmus	GerberKawasaki	3	0	1468161541	752150134801047552	https://twitter.com/GerberKawasaki/status/752150134801047552			
	I think they are both important. One has great management the other not so much. $ fb vs $ twtr. Results speak. Watch this qtr.	GerberKawasaki	1	0	1468161441	752149715752394756	https://twitter.com/GerberKawasaki/status/752149715752394756			
	I never said QE drives results and we are talking US market not global. Every country has a different set of issues.	GerberKawasaki	0	0	1468161359	752149374671609856	https://twitter.com/GerberKawasaki/status/752149374671609856			
	Facebook makes more profit in a month as Twitter makes revenue in a year. And Twitter loses hundreds of millions. # facts $ fb	GerberKawasaki	0	0	1468161308	752149160959184896	https://twitter.com/GerberKawasaki/status/752149160959184896		#	
	Facebook is correctly valued. Long term, Twitter gets sold and Facebook will be here for a long time. Making billions. $ fb	GerberKawasaki	0	0	1468161258	752148951550140417	https://twitter.com/GerberKawasaki/status/752148951550140417			
	I think every equity represents a different set of assets. Like a pipeline versus an Internet company.	GerberKawasaki	0	0	1468161089	752148239541899266	https://twitter.com/GerberKawasaki/status/752148239541899266			
	we can't see how someone would pay more that 5 times rev for Twitter. Stock is fully valued. $ twtr	GerberKawasaki	0	0	1468161017	752147937304596481	https://twitter.com/GerberKawasaki/status/752147937304596481			
	"""when your riding the rough the fields of azure. Don't worry cause your already dead!"" Gladiator. One of the finest films ever made"	GerberKawasaki	1	0	1468160951	752147663680729088	https://twitter.com/GerberKawasaki/status/752147663680729088			
	so nothing as most of that is fairly insignificant. I would have completed that in my first week. I'll run Twitter. $ twtr	GerberKawasaki	0	0	1468160843	752147209634783232	https://twitter.com/GerberKawasaki/status/752147209634783232			
	@ Mike_Simonsen @ espn true and I like boxing. I'm just saying # UFC and bloody beaten women is not my thing. I miss # Oscar and # Tyson	GerberKawasaki	0	0	1468160768	752146894273417216	https://twitter.com/GerberKawasaki/status/752146894273417216		# # #	@ @
	Dick made Twitter what it is after jack was fired. Getting rid of dick was a mistake. Short sighted founders. @ dickc	GerberKawasaki	0	0	1468160649	752146396984205312	https://twitter.com/GerberKawasaki/status/752146396984205312			@
	have you used their sub par ad platform. Do you know how Twitter is supposed to make money? Their platform is weak.	GerberKawasaki	0	0	1468160597	752146176606998528	https://twitter.com/GerberKawasaki/status/752146176606998528			
	what exactly are these bug enhancement. A heart sign and moments which no one likes. No actually ad platform changes at all.	GerberKawasaki	1	0	1468160537	752145924391141377	https://twitter.com/GerberKawasaki/status/752145924391141377			
	never met an American hero who lives and is supported by the # Russian government and # Putin. Call it as it is. # SPY	GerberKawasaki	0	0	1468160468	752145634698809346	https://twitter.com/GerberKawasaki/status/752145634698809346		# # #	
	I read that adjusted for inflation. Romans got paid the same about in gold that we get paid today. Maybe some things don't change.	GerberKawasaki	0	0	1468160398	752145341919539200	https://twitter.com/GerberKawasaki/status/752145341919539200			
	very very cool to see you trying to make a real difference. We need more young smart people in politics. Please!!!	GerberKawasaki	0	0	1468160294	752144904726323200	https://twitter.com/GerberKawasaki/status/752144904726323200			
	ruin it. He didn't ruin Instagram? Jack is ruining Twitter. Did you miss that. $ twtr	GerberKawasaki	0	0	1468160231	752144641537957888	https://twitter.com/GerberKawasaki/status/752144641537957888			
	I don't like # UFC. The level of violence is abhorrent. Sorry. Just saying I've had enough violence this week.	GerberKawasaki	0	0	1468160169	752144383101640704	https://twitter.com/GerberKawasaki/status/752144383101640704		#	
	@ MarkYusko @ LeederOfThePack I said assets. Not equities. Many equites have little or no assets. # Uber for example.	GerberKawasaki	1	0	1468160080	752144007950528514	https://twitter.com/GerberKawasaki/status/752144007950528514		#	@ @
	never listen to the politics of an actor.	GerberKawasaki	0	0	1468160000	752143674427912192	https://twitter.com/GerberKawasaki/status/752143674427912192			
	Rome 27 ad. They were trained pros too.	GerberKawasaki	0	0	1468159969	752143542684819456	https://twitter.com/GerberKawasaki/status/752143542684819456			
	If # Twitter is broadcasting # Wimbledon2016 how would anyone know when they go to their account? Where is it? $ twtr	GerberKawasaki	6	0	1468159922	752143346546552832	https://twitter.com/GerberKawasaki/status/752143346546552832		# #	
	I can't image why you think your relevant to problems in America. You're a # Russian puppet. The oppression you support is obvious.	GerberKawasaki	1	0	1468159597	752141980830879744	https://twitter.com/GerberKawasaki/status/752141980830879744		#	
	@ SalHernandez @ deray @ washingtonpost Ed focus on your own country. That's # Russia. The biggest threat to freedom.	GerberKawasaki	0	0	1468159516	752141642556055552	https://twitter.com/GerberKawasaki/status/752141642556055552		#	@ @ @
	We wonder why there is so much violence in America? This is entertainment? # UFChttps://twitter.com/espn/status/752136554382913536 …	GerberKawasaki	11	2	1468159387	752141103894114304	https://twitter.com/GerberKawasaki/status/752141103894114304		#	
	I see you're running for office. That's great! Great to see you doing something great in RL! I support you!	GerberKawasaki	3	1	1468159096	752139880033980419	https://twitter.com/GerberKawasaki/status/752139880033980419			
	I like Facebook. I like Instagram I like Twitter. Maybe Facebook should just buy Twitter and be done with it. That would fit. $ fb	GerberKawasaki	2	0	1468158773	752138525110218753	https://twitter.com/GerberKawasaki/status/752138525110218753			
	that would be a very interesting twist. I don't disagree with that premise. Could make for some huge profits. # Brexit # RE	GerberKawasaki	0	1	1468158657	752138040395440130	https://twitter.com/GerberKawasaki/status/752138040395440130		# #	
	@ LeederOfThePack haha we shall see. The central banks are printing like crazy. Assets have to go up ...	GerberKawasaki	0	0	1468158608	752137833263960067	https://twitter.com/GerberKawasaki/status/752137833263960067			@
	you didn't think they would really change their sales practices did you. They'll just hire more lawyers.	GerberKawasaki	1	1	1468102521	751902589424267264	https://twitter.com/GerberKawasaki/status/751902589424267264			
	Lots of water!!! # Chinahttps://twitter.com/pdchina/status/751899698017935360 …	GerberKawasaki	1	1	1468101972	751900284582977537	https://twitter.com/GerberKawasaki/status/751900284582977537		#	
	right. Killed it. I couldn't find it.	GerberKawasaki	0	0	1468101916	751900049622179840	https://twitter.com/GerberKawasaki/status/751900049622179840			
	How # blockchain could shake up stock markets http://bit.ly/29wMnTS	obussmann	12	11	1468174762	752205588801675264	https://twitter.com/obussmann/status/752205588801675264		#	
	Goldman Sachs, Citi, Santander Most Active Among Largest Banks in # Fintech Investinghttp://bit.ly/29sjRkd	obussmann	11	10	1468163953	752160253416972289	https://twitter.com/obussmann/status/752160253416972289		#	
	# FinTech industry disruption: what happens every hour! @ obussmann http://bit.ly/1XjAVzR # Blockchain	obussmann	6	10	1468151435	752107749467525121	https://twitter.com/obussmann/status/752107749467525121		# #	@
	Millennial Personal Finance: 63 # Fintech Startups Targeting Millennialshttp://bit.ly/29vpLqD	obussmann	6	13	1468150274	752102878676979712	https://twitter.com/obussmann/status/752102878676979712		#	
	Is technology making us more or less intelligent? http://bit.ly/29uGb2S	obussmann	0	1	1468144922	752080433572093952	https://twitter.com/obussmann/status/752080433572093952			
	Tel Aviv Stock Exchange – The FinTech Hub in Israel Opens, Ready to Turn Israel into a Leading # FinTech Capital http://bit.ly/29wApMt	obussmann	6	2	1468134196	752035441432489985	https://twitter.com/obussmann/status/752035441432489985		#	
	What does banking group BBVA offer start-ups? http://bit.ly/29tPxvN # Fintech	obussmann	6	7	1468101872	751899865022693376	https://twitter.com/obussmann/status/751899865022693376		#	
	BBC News - Man v Machine: A face recognition battle http://www.bbc.co.uk/news/video_and_audio/must_see/36724821 … @ brettking	Chris_Skinner	6	6	1468169112	752181891252514817	https://twitter.com/Chris_Skinner/status/752181891252514817			@
bitcoin 	What is the 'Halving'? A Primer to Bitcoin's Big Mining Change - CoinDeskhttp://www.coindesk.com/making-sense-bitcoins-halving/ …	Chris_Skinner	6	5	1468154006	752118534529056768	https://twitter.com/Chris_Skinner/status/752118534529056768			
	@triptananda @ dgwbirch @ dianacbiggs man that didn't take long!!!!	davidbrear	2	0	1468186833	752256218387902464	https://twitter.com/davidbrear/status/752256218387902464			@triptananda @ @
	Norfolk matey. Long drive for you :)	davidbrear	0	0	1468164802	752163814452367361	https://twitter.com/davidbrear/status/752163814452367361			
	lol... Nearly... Walk amongst them :)	davidbrear	0	0	1468164789	752163759980965888	https://twitter.com/davidbrear/status/752163759980965888			
	Hanging out with Dinosaurs at the weekend...pic.twitter.com/wqTn6JaVGT	davidbrear	1	1	1468156405	752128593526943744	https://twitter.com/davidbrear/status/752128593526943744			
	Saw you @ serafinowicz (sounds creepy!) at the trampoline place yest & didn't want to interrupt your party! Does your back kill today also?!	davidbrear	0	1	1468140920	752063645098602496	https://twitter.com/davidbrear/status/752063645098602496			@
	Slowly turning my office into a studio... Next sound proofing! via http://Ripl.com pic.twitter.com/Omkg1TCM4d	davidbrear	2	1	1468135284	752040005611159553	https://twitter.com/davidbrear/status/752040005611159553			
	I'm afraid the Anglo-Portugese Treaty of 1373 is no longer in force whereas the Windsor Treaty of 1386 ishttps://twitter.com/adityabhaskar/status/752256866504339456 …	dgwbirch	0	0	1468187169	752257626705125377	https://twitter.com/dgwbirch/status/752257626705125377			
	I hate myself for posting this @ Adizah_Tejani but Portugal are ranked 8th in the world, France are 17th	dgwbirch	0	0	1468186634	752255383478145024	https://twitter.com/dgwbirch/status/752255383478145024			@
	Well, I'm obliged under The Treaty of Windsor (1386) to say well done Portugal and all hail Santos. And thanks be that it didn't go to pens.	dgwbirch	2	1	1468186536	752254971689766912	https://twitter.com/dgwbirch/status/752254971689766912			
	Oh no. Catastrophic mistake by Clattenburg	dgwbirch	1	0	1468185458	752250450217406464	https://twitter.com/dgwbirch/status/752250450217406464			
	"http://bbc.in/29I2DT0  ""Can we have a red button option for David Attenborough narrating 'Moth Watch'. It would be more exciting"""	dgwbirch	1	1	1468185287	752249734983737346	https://twitter.com/dgwbirch/status/752249734983737346			
	Now I'm hoping that Portugal will score.	dgwbirch	3	0	1468182032	752236082201239552	https://twitter.com/dgwbirch/status/752236082201239552			
	no I didn't miss it, that's why I was reading the story - it's for a future blog post!	dgwbirch	0	0	1468181972	752235830744416256	https://twitter.com/dgwbirch/status/752235830744416256			
	Her old man's tax return would be more interesting: MR BENJAMIN RICHARD LEADSOM https://companycheck.co.uk/director/913222905/MR-BENJAMIN-RICHARD-LEADSOM/summary …	dgwbirch	0	0	1468181820	752235191033266176	https://twitter.com/dgwbirch/status/752235191033266176			
	Now this is the sort of thing that a shared ledger might _actually_ help # regtech not # fintechhttp://www.economist.com/news/business/21701809-dog-ate-my-accounts-honest-flying-blind …	dgwbirch	5	4	1468181366	752233289084264449	https://twitter.com/dgwbirch/status/752233289084264449		# #	
	Brexit vote paves way for federal union to save UK, says all-party group <- make London an international city too http://www.theguardian.com/politics/2016/jul/10/brexit-vote-paves-way-for-federal-union-says-all-party-group …	dgwbirch	1	1	1468181227	752232704217874432	https://twitter.com/dgwbirch/status/752232704217874432			
	Be surprised if there's a goal better than Shaqiri's tonight. Robson Kanu runner up.	dgwbirch	1	0	1468180879	752231244340027392	https://twitter.com/dgwbirch/status/752231244340027392			
	Yes, sad. But he did get Rooney sent off in the Worjd Cup and then wink at his bench. Karma and all that...	dgwbirch	2	0	1468178942	752223120833056768	https://twitter.com/dgwbirch/status/752223120833056768			
	I can't stand U2,but I still think that's pretty cool	dgwbirch	0	0	1468178538	752221427902840833	https://twitter.com/dgwbirch/status/752221427902840833			
	when! Cool!	dgwbirch	0	0	1468177912	752218803195506688	https://twitter.com/dgwbirch/status/752218803195506688			
	@ jenn_luxbeauty that looks more painful than an _actual_ firewall	dgwbirch	0	0	1468177774	752218223970390016	https://twitter.com/dgwbirch/status/752218223970390016			@
	I'm instead going to root for Mark Clattenberg and cheer his every decision.	dgwbirch	0	1	1468177211	752215861939806209	https://twitter.com/dgwbirch/status/752215861939806209			
	In so torn. The Anglo-Portugese alliance of 1386 is world's oldest treaty that is still in force. But I just don't like Ronaldo.	dgwbirch	3	1	1468177178	752215722886127617	https://twitter.com/dgwbirch/status/752215722886127617			
	Leadsom received income of £85k <- isn't the buy-to-let stuff in trust run by her son or something? P60s meaninglesshttp://www.telegraph.co.uk/news/2016/07/10/andrea-leadsom-received-income-of-85000-in-2015-according-to-lat/ …	dgwbirch	1	1	1468176425	752212564726145024	https://twitter.com/dgwbirch/status/752212564726145024			
	Ok, I think I've decided. I saw Talking Heads support Dire Straits at Southampton Uni in January 1978.	dgwbirch	1	0	1468176172	752211504770977792	https://twitter.com/dgwbirch/status/752211504770977792			
	"I saw Eric Clapton support Bob Dylan at Blackbushe in 1978, but I think ""festivals"" shouldn't count"	dgwbirch	1	0	1468175830	752210069702467585	https://twitter.com/dgwbirch/status/752210069702467585			
	Since I’m always the first to complain… props to # O2 for excellent service at Woking branch today!	dgwbirch	0	1	1468173490	752200255014338560	https://twitter.com/dgwbirch/status/752200255014338560		#	
	Roll call: what's the biggest band you saw play as a support act?	dgwbirch	0	0	1468172851	752197575432933376	https://twitter.com/dgwbirch/status/752197575432933376			
	@ shamir_k @ samgadjones yephttps://medium.com/@dgwbirch/brexit-is-no-big-deal-f67a178890c6#.o9fi4d60z …	dgwbirch	0	0	1468172479	752196014476554240	https://twitter.com/dgwbirch/status/752196014476554240		#	@ @ @dgwbirch
	really? Sounds cool. What's in the blocks? Anyone?	dgwbirch	1	0	1468170246	752186646003580928	https://twitter.com/dgwbirch/status/752186646003580928			
	"The Economist Money Talks: ""Cash? Why bother?"" https://itun.es/gb/jaUfz.c?i=372002661 …pic.twitter.com/pqCFpxBErh"	dgwbirch	3	0	1468159012	752139527255359489	https://twitter.com/dgwbirch/status/752139527255359489			
	hey thanks Mark, much appreciated	dgwbirch	1	0	1468158570	752137676845883392	https://twitter.com/dgwbirch/status/752137676845883392			
	Excellent. My Caxton app is 1.14 right now https://twitter.com/mttjon/status/752130193339351040 …	dgwbirch	0	0	1468157375	752132661074923520	https://twitter.com/dgwbirch/status/752132661074923520			
	# Discover I love you for sponsoring Planet Money. The story of the cheese OPEC https://itun.es/gb/edqvr.c?i=372030362 …pic.twitter.com/bqLRuI6OIM	dgwbirch	3	0	1468154452	752120405058609156	https://twitter.com/dgwbirch/status/752120405058609156		#	
	When you Skype home to say you are in the Holiday Inn in Liverpool, you'd better be in the Holiday Inn in Liverpool https://techcrunch.com/2016/06/25/traffickcam/?utm_source=fark&utm_medium=website&utm_content=link …	dgwbirch	0	0	1468150372	752103291799146496	https://twitter.com/dgwbirch/status/752103291799146496			
	One for our American cousins. This is what happens when everyone _isn't_ carrying assault weaponshttp://news.sky.com/story/cops-karaoke-classic-is-a-glasgow-pub-hit-10302383 …	dgwbirch	8	18	1468150145	752102339025235968	https://twitter.com/dgwbirch/status/752102339025235968			
	I can’t read French. Why is there a column of refugees fleeing from Brussels right now?https://twitter.com/lesoir/status/752083287284281344 …	dgwbirch	4	2	1468149880	752101227610120192	https://twitter.com/dgwbirch/status/752101227610120192			
	when Russians are invited in by the SNP to help to defend Scottish oil resources # Occupied	dgwbirch	0	0	1468149795	752100869332762625	https://twitter.com/dgwbirch/status/752100869332762625		#	
	@ DenisMacShane Brexit is not such a big deal as the EU couldn’t continue in current form anyway https://medium.com/@dgwbirch/brexit-is-no-big-deal-f67a178890c6#.z0wi0zwgq …	dgwbirch	1	1	1468149688	752100420827418624	https://twitter.com/dgwbirch/status/752100420827418624		#	@ @dgwbirch
	@ DenisMacShane in fact I know an American living in France right now. I call @ ariellejaffe as my first witness…	dgwbirch	0	0	1468149608	752100086365184000	https://twitter.com/dgwbirch/status/752100086365184000			@ @
	@ campbellclaret after Scottish independence, will SNP nationalise such places? I	dgwbirch	0	0	1468149544	752099819238387713	https://twitter.com/dgwbirch/status/752099819238387713			@
	just updated it with Mystic Dave video from Madrid	dgwbirch	1	0	1468149092	752097923471736832	https://twitter.com/dgwbirch/status/752097923471736832			
	We’re from THE BLOCKCHAIN and we’re HERE TO HELPpic.twitter.com/ZzPc3Mbc67	dgwbirch	8	8	1468148086	752093703423000576	https://twitter.com/dgwbirch/status/752093703423000576			
	Me on Medium: Is Brexit that big a deal? The EU and the euro won't last much longer anywayhttps://medium.com/@dgwbirch/brexit-is-no-big-deal-f67a178890c6#.hag6jepkj …	dgwbirch	8	3	1468142159	752068842927616000	https://twitter.com/dgwbirch/status/752068842927616000		#	@dgwbirch
	fair point - this is fascinating by the way, thanks for posting	dgwbirch	0	0	1468141650	752066707490037760	https://twitter.com/dgwbirch/status/752066707490037760			
	"""Wrights' preoccupation with the legal issue hindered their development of new aircraft designs"" http://america.pink/wright-brothers-patent-war_4842517.html …"	dgwbirch	4	1	1468141622	752066591202897920	https://twitter.com/dgwbirch/status/752066591202897920			
	thanks! A great case study of the appalling US patent system and how it held back innovation, but I can't see circuses?	dgwbirch	0	1	1468140658	752062548330119168	https://twitter.com/dgwbirch/status/752062548330119168			
	@ ESPNFC well I suppose that now they got racism and hooliganism under control	dgwbirch	0	0	1468140508	752061918760796160	https://twitter.com/dgwbirch/status/752061918760796160			@
	speaking of which, the nations favourite mum Ms. Lily Allen is having tax issues: could Andrea advise her? https://www.google.co.uk/amp/www.dailymail.co.uk/tvshowbiz/article-3682511/amp/GIRL-TOWN-Lily-Allen-forced-sell-4-2million-mansion-hit-huge-tax-bill.html?client=safari# …	dgwbirch	0	0	1468140296	752061028146487296	https://twitter.com/dgwbirch/status/752061028146487296		#	
	excellent nudge Sir Bonar. Only mothers can truly understand the benefits of such legislation.	dgwbirch	0	0	1468140206	752060649631518720	https://twitter.com/dgwbirch/status/752060649631518720			
	My suggestion: first show why a shared ledger has benefits, only then say why a blockchain is best design choice given the requirements	dgwbirch	22	13	1468139815	752059011156025344	https://twitter.com/dgwbirch/status/752059011156025344			
	Academic calculates “fair cost per block is roughly $10,000” http://buff.ly/29shTjB  so at 12.5 BTC per block that sets price at $800	dgwbirch	4	2	1468139293	752056819938365441	https://twitter.com/dgwbirch/status/752056819938365441			
	Why a shared ledger rather than a database? Sorry to be a curmudgeon but this is just blah blah blockchain blah blahhttps://twitter.com/MikeQuindazzi/status/751978237652197376 …	dgwbirch	9	1	1468139088	752055963864170496	https://twitter.com/dgwbirch/status/752055963864170496			
	ok, military I’ll concede but circuses were really a post-WWI thing https://en.wikipedia.org/wiki/Barnstorming …	dgwbirch	0	0	1468138550	752053704061284352	https://twitter.com/dgwbirch/status/752053704061284352			
	Quiet bat people http://www.express.co.uk/news/uk/687609/Andrea-Leadsom-s-blueprint-for-power-REVEALED-after-commuter-spots-paper-on-Tube …	dgwbirch	0	0	1468125385	751998489056468992	https://twitter.com/dgwbirch/status/751998489056468992			
	Their pricing and distribution is wrong. Not as ubiquitous as they should be.https://twitter.com/bryanrbeal/status/752257135531163648 …	sytaylor	2	1	1468187545	752259206053502976	https://twitter.com/sytaylor/status/752259206053502976			
	be a moth?	sytaylor	1	0	1468187037	752257072503349250	https://twitter.com/sytaylor/status/752257072503349250			
	Says a lot about the productivity puzzle.https://twitter.com/ejn/status/752253174417879040 …	sytaylor	1	1	1468186927	752256611356438528	https://twitter.com/sytaylor/status/752256611356438528			
	The moth that changed # EURO2016pic.twitter.com/8e7MBjVX2x	sytaylor	9	8	1468186585	752255178519314432	https://twitter.com/sytaylor/status/752255178519314432		#	
	it was the magic moth.	sytaylor	0	0	1468186498	752254815015673856	https://twitter.com/sytaylor/status/752254815015673856			
	That moth is chasing Ronaldo.	sytaylor	1	0	1468186415	752254466364178432	https://twitter.com/sytaylor/status/752254466364178432			
	Apollo 11 code written for 2MHz, 4KB RAM, 72KB ROM Enough to fly to the moon, land, + return But 3 GHz + 16 GB RAM can't handle a large gif	sytaylor	6	4	1468186259	752253812753231876	https://twitter.com/sytaylor/status/752253812753231876			
	Well. That was unexpected. A goal in this game and for # POR	sytaylor	2	0	1468185587	752250994088607747	https://twitter.com/sytaylor/status/752250994088607747		#	
	oh my bad. thanks.	sytaylor	1	0	1468182829	752239426990903296	https://twitter.com/sytaylor/status/752239426990903296			
	With Snapchat and now Pokemon go Augmented Reality is now... a reality. Where will it be in 5 years?	sytaylor	1	0	1468182807	752239333357260800	https://twitter.com/sytaylor/status/752239333357260800			
	source of table? I'd like to make a full one of these. Nice format @ wmougayar we could have fun with this...	sytaylor	1	0	1468181193	752232565025693696	https://twitter.com/sytaylor/status/752232565025693696			@
	Yup. Check out the partners too.https://twitter.com/ITredux/status/752231862299492352 …	sytaylor	2	0	1468181110	752232213635272705	https://twitter.com/sytaylor/status/752232213635272705			
	basically yes. Code that's learned how to make pleasing images by looking at lots of images we like.	sytaylor	1	0	1468181057	752231994021408768	https://twitter.com/sytaylor/status/752231994021408768			
	AI meets photo sharing. This app is doing to do very well indeed. https://techcrunch.com/2016/06/24/prisma-uses-ai-to-turn-your-photos-into-graphic-novel-fodder-double-quick/ …	sytaylor	2	0	1468179440	752225212486258690	https://twitter.com/sytaylor/status/752225212486258690			
	Zeitgeist photo app Prisma meet real live moment everyone is talking about # howtotwitter # EUROFINAL2016https://twitter.com/pennyb/status/752223590297243648 …	sytaylor	2	0	1468179143	752223966346014722	https://twitter.com/sytaylor/status/752223966346014722		# #	
	@ Medium recorded?	sytaylor	0	0	1468179051	752223579631128577	https://twitter.com/sytaylor/status/752223579631128577			@
	This is tantalising. Elon always calls his shots before delivering like a hero. # Teslahttps://twitter.com/elonmusk/status/752182992982843392 …	sytaylor	2	3	1468178335	752220575716835328	https://twitter.com/sytaylor/status/752220575716835328		#	
	Yuphttps://twitter.com/cgledhill/status/752171015480967168 …	sytaylor	1	0	1468166605	752171374496669700	https://twitter.com/sytaylor/status/752171374496669700			
	Andy Murray is one of the greatest British Sports stars of all time. Dominant performance # WimbledonFinals # Wimbledon	sytaylor	3	0	1468166579	752171269068615680	https://twitter.com/sytaylor/status/752171269068615680		# #	
	didnt. Worth watching?	sytaylor	0	0	1468148914	752097176818479104	https://twitter.com/sytaylor/status/752097176818479104			
	Gespraech mit Multimillionaer, Unternehmer und Immobilienbesitzer Lucine Schmidlin http://bit.ly/28NisF3	julianhosp	0	0	1468177293	752216203951742976	https://twitter.com/julianhosp/status/752216203951742976			
	This was a very emotional experience for me and almost made me cry. # kenya # masai # mindblown # emotional # experiencepic.twitter.com/5L7NB7zqMV	julianhosp	0	0	1468160782	752146953010548736	https://twitter.com/julianhosp/status/752146953010548736		# # # # #	
	pic.twitter.com/RAG6quD5fD	julianhosp	0	0	1468155695	752125616812617728	https://twitter.com/julianhosp/status/752125616812617728			
	#4 Sebastian Poggel – Vielreisen extrem, Erste Klasse für Jedermann und die Marktherrschaft von Fluglinien http://bit.ly/28NjIIj	julianhosp	0	0	1468144860	752080170601897984	https://twitter.com/julianhosp/status/752080170601897984		#4	
	What does it REALLY mean to not see the forrest because of the trees? http://www.25stories.org/#!What-does-it-REALLY-mean-to-not-see-the-forrest-because-of-the-trees-Julians-Daily-Audio-Blog-DAB-Podcast-116/zq64b/576d52080cf256ba3d3f4284 …pic.twitter.com/qllBsXjvJb	julianhosp	0	0	1468126856	752004658508472320	https://twitter.com/julianhosp/status/752004658508472320		#	
	This was a very emotional experience for me and almost made me cry. Watching local tribesmen… https://www.instagram.com/p/BHqxztEjLB2/	julianhosp	0	0	1468126761	752004258501894144	https://twitter.com/julianhosp/status/752004258501894144			
	Have you ever read my book on my quest for the perfect decision? It is at a special promotion right now on Amazon:http://amzn.to/28R6ZHJ	julianhosp	0	0	1468108870	751929219358359552	https://twitter.com/julianhosp/status/751929219358359552			
	#132 What Income Streams do I use? http://www.25stories.org/#!What-Income-Streams-do-I-use-Julians-Daily-Audio-Blog-DAB-Podcast-132/zq64b/577ba9140cf2b9a954c6f4ee …	julianhosp	0	0	1468103467	751906555147251716	https://twitter.com/julianhosp/status/751906555147251716		#132 #	
	#132 Meine 7 Einkommensstroeme http://www.25geschichten.de/#!Meine-7-Einkommensstroeme-Julians-Taeglicher-Audio-Blog-TAB-Podcast-132/zq64b/577ba9220cf2c9f8a0f3da8d …	julianhosp	0	0	1468103467	751906555063332864	https://twitter.com/julianhosp/status/751906555063332864		#132 #	
	The date is now July 11th in Japan. One year. Once again, thank you so much.	mochi_wsj	42	22	1468162896	752155820196974594	https://twitter.com/mochi_wsj/status/752155820196974594			
	Japan’s Shinzo Abe to boost majority in parliament, exit polls say http://on.wsj.com/29F0daz  via @ mit_obe and @ YukaKoshino	mochi_wsj	4	1	1468161043	752148045991546881	https://twitter.com/mochi_wsj/status/752148045991546881			@ @
	Every time I see turntable, it's almost always SL-1200.pic.twitter.com/EA1tOrKzi3	mochi_wsj	6	0	1468129688	752016536651522052	https://twitter.com/mochi_wsj/status/752016536651522052			
	投票して外食中。 *この歌詞が使われている楽曲のタイトルで政治的なスタンスを暗示しているということは一切ありません。pic.twitter.com/9iBmMkTaGE	mochi_wsj	6	0	1468127092	752005648154370048	https://twitter.com/mochi_wsj/status/752005648154370048			
	what a good era we live in...	mochi_wsj	1	0	1468122140	751984877952638976	https://twitter.com/mochi_wsj/status/751984877952638976			
	Still cant believe real news shows makes headline. seems as if monsters are in the real world!https://twitter.com/BuzzFeedAndrew/status/751951236765810689 …	mochi_wsj	11	5	1468121894	751983844480290817	https://twitter.com/mochi_wsj/status/751983844480290817			
	Pokemon Goで怪我人が。ま、ですよね。だからPlusは必須。https://twitter.com/BuzzFeedAndrew/status/751949772219613184 …	mochi_wsj	5	5	1468121473	751982080561598464	https://twitter.com/mochi_wsj/status/751982080561598464			
	投票して外食行きます。（あ、曲名に何ら意味はありません。かなり前から続けている習慣です、念のため）	mochi_wsj	1	0	1468118978	751971613092945920	https://twitter.com/mochi_wsj/status/751971613092945920			
	だと思いますよ。ここまで話題になってるのはあまり聴いたことないです。	mochi_wsj	1	1	1468118317	751968842490843136	https://twitter.com/mochi_wsj/status/751968842490843136			
	なんででしょうね？重課金している人がたくさんいるからでしょうか。	mochi_wsj	0	1	1468117553	751965636008382464	https://twitter.com/mochi_wsj/status/751965636008382464			
	このまえ18560の実物を始めてみたんですが、あんな乾電池みたいなので車が動くのか、と今更の驚きでした。楽しみですよ、今後。	mochi_wsj	0	1	1468117504	751965429996752896	https://twitter.com/mochi_wsj/status/751965429996752896			
	タイトルは私がつけたものではありません！	mochi_wsj	0	0	1468114826	751954200049836032	https://twitter.com/mochi_wsj/status/751954200049836032			
bitcoin 	Honor and maintain # Bitcoin fungibility.	jonmatonis	14	4	1468174154	752203038312505344	https://twitter.com/jonmatonis/status/752203038312505344		#	
	"When normal, run-of-the-mill problems are systematically optimized away, the remainder are Black Swan ""weird"" events"	jgarzik	1	0	1468180304	752228833558880256	https://twitter.com/jgarzik/status/752228833558880256			
	"Disagree; the bomb was not automatically triggered. Still a human ""pointing"" the ""gun"", making firing decision."	jgarzik	2	0	1468112972	751946423998918656	https://twitter.com/jgarzik/status/751946423998918656			
	When you hurt # Ronaldo and they still beat you	DianacBiggs	6	1	1468186458	752254646849339392	https://twitter.com/DianacBiggs/status/752254646849339392		#	
	Just waiting for John Terry in his Portugal kit to pop out now # PORFRA	robdgill	0	0	1468186762	752255920437067776	https://twitter.com/robdgill/status/752255920437067776		#	
	Vive la France! # FRAPORpic.twitter.com/rOMdiIPHuA	robdgill	0	0	1468177409	752216690663034880	https://twitter.com/robdgill/status/752216690663034880		#	
	Je suis née en Paris... # FRAPOR # AllezLesBleus # BonnetdeDouche	robdgill	0	0	1468176581	752213219624775680	https://twitter.com/robdgill/status/752213219624775680		# # #	
	Rugby, Cricket, Formula 1, Wimbledon , Tour de France, Olympics. A dazzling summer for British sport. Then there's England's footballers...	robdgill	1	1	1468167725	752176075158028288	https://twitter.com/robdgill/status/752176075158028288			
bitcoin 	The pound has officially become more unstable than Bitcoinhttp://www.independent.co.uk/news/business/news/brexit-pound-sterling-bitcoin-prices-unstable-volatile-exchange-referendum-a7129311.html …	robdgill	1	6	1468161685	752150738978107392	https://twitter.com/robdgill/status/752150738978107392			
	yep	Jose_Pagliery	0	0	1468167472	752175012187103233	https://twitter.com/Jose_Pagliery/status/752175012187103233			
	This podcast is fantastic. Lots of gems in here. cc: @ frankpallottahttps://twitter.com/rockitfuelradio/status/748646874966417410 …	Jose_Pagliery	3	0	1468167432	752174846654701568	https://twitter.com/Jose_Pagliery/status/752174846654701568			@
	A moment of organizational zen # kitchenpic.twitter.com/Dc3tjjnt4y	leashless	11	0	1468185143	752249131813441536	https://twitter.com/leashless/status/752249131813441536		#	
	no I'm not. But this conversation is over. You don't have to convince me. You have answered my Qs.	leashless	1	0	1468153163	752114997891850240	https://twitter.com/leashless/status/752114997891850240			
	I think that would vary sport by sport.	leashless	0	0	1468153021	752114402153865216	https://twitter.com/leashless/status/752114402153865216			
	@ fabianacecin @ bbcsml bone structure?	leashless	0	0	1468152680	752112970033922048	https://twitter.com/leashless/status/752112970033922048			@ @
	"I'm going to "" @ ChainFinance - Distributed Ledger and Trade Finance"". See you there? http://www.eventbrite.com/e/chain-finance-distributed-ledger-and-trade-finance-tickets-26113689749?aff=estw … # blockchain"	BlockchainGirl	1	0	1468173685	752201071863427072	https://twitter.com/BlockchainGirl/status/752201071863427072		#	@
	Schon gelesen? Watson im Banking http://bit.ly/29HDo3b # news	HLeichsenring	1	1	1468168693	752180136175345664	https://twitter.com/HLeichsenring/status/752180136175345664		#	
	The latest # Leadership Top Posts! http://paper.li/HLeichsenring/1341491519?edition_id=508aa430-469a-11e6-bfc9-0cc47a0d1609 …	HLeichsenring	0	0	1468153929	752118209340473344	https://twitter.com/HLeichsenring/status/752118209340473344		#	
	Ich habe @ TMStreetAnalyst +K auf Internetmarketing gegeben.https://klout.com/user/TMStreetAnalyst?n=tw&v=share_expertise …	HLeichsenring	0	0	1468141298	752065232441339904	https://twitter.com/HLeichsenring/status/752065232441339904			@
	Ich habe @ tometweetme +K auf LinkedIn gegeben. https://klout.com/user/tometweetme?n=tw&v=share_expertise …	HLeichsenring	0	0	1468141289	752065191974699008	https://twitter.com/HLeichsenring/status/752065191974699008			@
	Ich habe @ TheOrganicView +K auf Energie gegeben.https://klout.com/user/TheOrganicView?n=tw&v=share_expertise …	HLeichsenring	0	0	1468141280	752065157728272385	https://twitter.com/HLeichsenring/status/752065157728272385			@
	Ich habe @ JuneStoyer +K auf Bienenzucht gegeben.https://klout.com/user/JuneStoyer?n=tw&v=share_expertise …	HLeichsenring	0	0	1468141272	752065120218574848	https://twitter.com/HLeichsenring/status/752065120218574848			@
	Ich habe @ NPapendorf +K auf Facebook gegeben.https://klout.com/user/NPapendorf?n=tw&v=share_expertise …	HLeichsenring	0	0	1468141262	752065080544595968	https://twitter.com/HLeichsenring/status/752065080544595968			@
	Ich habe @ Lucas_Wyrsch +K auf Nachrichten und Medien gegeben.https://klout.com/user/Lucas_Wyrsch?n=tw&v=share_expertise …	HLeichsenring	0	0	1468141253	752065044050042880	https://twitter.com/HLeichsenring/status/752065044050042880			@
	Schon gelesen? Standortbezogene Services im Überblickhttp://bit.ly/29H6ZJX	HLeichsenring	0	0	1468139884	752059301515100160	https://twitter.com/HLeichsenring/status/752059301515100160			
	Neu: Spielen Sie doch mal eine Runde FinTech-Bingo -http://bit.ly/29rWLu3 pic.twitter.com/Cqq4zujx8k	HLeichsenring	0	0	1468123263	751989585899614208	https://twitter.com/HLeichsenring/status/751989585899614208			
	Schon gelesen? Citibanks seltsame Filialstrategie in Deutschland http://bit.ly/29xKxED # strategie	HLeichsenring	1	1	1468111082	751938497825701889	https://twitter.com/HLeichsenring/status/751938497825701889		#	
bitcoin 	Pound sterling more volatile than bitcoin after Brexithttp://www.independent.co.uk/news/business/news/brexit-pound-sterling-bitcoin-prices-unstable-volatile-exchange-referendum-a7129311.html …	Anne_Connelly	2	1	1468174732	752205463689629696	https://twitter.com/Anne_Connelly/status/752205463689629696			
	"A Premium Alert issued "" Factor Update – July 10, 2016"". See http://zpr.io/urRZ # Factormembers"	PeterLBrandt	6	0	1468119654	751974448249577473	https://twitter.com/PeterLBrandt/status/751974448249577473		#	
	Users playing Pokemon Go are simultaneously playing Grand Theft Auto. Y'all best strap up before hitting the street.https://twitter.com/jgarzik/status/752188726676037632 …	lopp	5	5	1468181512	752233903079845888	https://twitter.com/lopp/status/752233903079845888			
	@ mikestable TIL http://en.wikipedia.org/wiki/Testicle_Festival …	lopp	0	0	1468168139	752177812723888129	https://twitter.com/lopp/status/752177812723888129			@
	I suspect that Pokemon Go may be a catalyst for government geofencing of augmented reality apps around restricted areas.	lopp	33	27	1468126223	752002001140080641	https://twitter.com/lopp/status/752002001140080641			
bitcoin 	Bitcoin just triangling, should resolve & confirm direction within 2-3 days, then a few more days before moving hardpic.twitter.com/5MtsueY8hQ	onemanatatime	21	12	1468149537	752099786967232512	https://twitter.com/onemanatatime/status/752099786967232512			
	I normally don't like tats, but most of those ones I like! (and yours too :))	peterktodd	1	0	1468108094	751925963387129856	https://twitter.com/peterktodd/status/751925963387129856			
	@ ioptio https://www.instagram.com/neotattoos/  <- you should send in a photo :)	peterktodd	1	0	1468103820	751908038248894465	https://twitter.com/peterktodd/status/751908038248894465			@
	I'm having a large Stella for lunch at The American Girl Cafe. Don't judge me	BaldingsWorld	8	0	1468186680	752255578735456256	https://twitter.com/BaldingsWorld/status/752255578735456256			
	French Israeli preschool next to the Ethiopian vegan restaurant. This is why we love you Los Angeles	BaldingsWorld	3	1	1468184023	752244431600824320	https://twitter.com/BaldingsWorld/status/752244431600824320			
	you mean like all those public pension geniuses that were ordered to plough billions in near the height?	BaldingsWorld	1	1	1468171372	752191372896051200	https://twitter.com/BaldingsWorld/status/752191372896051200			
	you don't understand China. China's different	BaldingsWorld	4	1	1468170968	752189674446139392	https://twitter.com/BaldingsWorld/status/752189674446139392			
	Amazing when facts get in the way of a good stereo typehttps://twitter.com/chrislhayes/status/752173079514779650 …	BaldingsWorld	2	3	1468167527	752175242215165952	https://twitter.com/BaldingsWorld/status/752175242215165952			
	Comedy Shows for China: 1. The Daily Show 2. Read Mean (Censored) Tweets 3. The Simpsons 4. Parks and Recreationhttps://twitter.com/SixthTone/status/752151708160131072 …	BaldingsWorld	2	1	1468162324	752153419968679936	https://twitter.com/BaldingsWorld/status/752153419968679936			
	does legalized pot count?	BaldingsWorld	2	0	1468119448	751973587632828417	https://twitter.com/BaldingsWorld/status/751973587632828417			
	give in to your libertarian side	BaldingsWorld	1	0	1468113175	751947274578595840	https://twitter.com/BaldingsWorld/status/751947274578595840			
	Worth noting, China feels it has jurisdiction over ethnic Chinese regardless of citizenship or physical presencehttps://twitter.com/LandonSchnabel/status/751897519735574529 …	BaldingsWorld	19	12	1468101694	751899119724007425	https://twitter.com/BaldingsWorld/status/751899119724007425			
	*RENZI SAYS HE SPOKE TO JUNCKER ABOUT BANKS PLAN: SOLE	Sunchartist	1	0	1468152922	752113984057151488	https://twitter.com/Sunchartist/status/752113984057151488			
	*RENZI SAYS BANK PLAN SEEKS TO PROTECT ACCOUNT HOLDERS: SOLE	Sunchartist	0	1	1468152908	752113928642056193	https://twitter.com/Sunchartist/status/752113928642056193			
	Bank of England mulls property fund shake up to stop panic sales http://www.telegraph.co.uk/business/2016/07/09/bank-of-england-mulls-property-fund-shake-up-to-stop-panic-sales/ …	Sunchartist	0	0	1468147283	752090334373351424	https://twitter.com/Sunchartist/status/752090334373351424			
	still up	Sunchartist	0	0	1468146377	752086533449003009	https://twitter.com/Sunchartist/status/752086533449003009			
	no idea	Sunchartist	0	0	1468146246	752085985505128448	https://twitter.com/Sunchartist/status/752085985505128448			
	Lower rated Junk bonds still lagging Equities $ JNK $ SPXpic.twitter.com/gP8BJODDab	Sunchartist	1	0	1468145696	752083677836828675	https://twitter.com/Sunchartist/status/752083677836828675			
	High Yield started to lag Equity worth watching if it rolls over $ SPX $ HYGpic.twitter.com/mLSm6OZNYA	Sunchartist	1	1	1468145627	752083386571722752	https://twitter.com/Sunchartist/status/752083386571722752			
	Correlation remind high US 2-10 Yield Cruve & Bank Index performance $ KBW $ SPXpic.twitter.com/r1VTYwe9Fo	Sunchartist	2	0	1468145563	752083118253678593	https://twitter.com/Sunchartist/status/752083118253678593			
	$ SPY $ IWN Courtesy of Stockchartspic.twitter.com/b1fDzGnlig	Sunchartist	3	0	1468145472	752082737096368128	https://twitter.com/Sunchartist/status/752082737096368128			
	$ HYG / Iboxx HY Index / S&P total return. Lower capital structure beats junior Equity $ SPXpic.twitter.com/SBHiFhD6V2	Sunchartist	1	2	1468145419	752082517738401792	https://twitter.com/Sunchartist/status/752082517738401792			
	BoAML HY vs High Grade Sovereign Index returns. Wonder if this is why Gross is shorting Corp bondspic.twitter.com/I6gX0F65qw	Sunchartist	0	0	1468145241	752081770749714432	https://twitter.com/Sunchartist/status/752081770749714432			
	Crude Trying to hold breakdown $ CL_fpic.twitter.com/k1EHimij8c	Sunchartist	3	2	1468145141	752081350052630528	https://twitter.com/Sunchartist/status/752081350052630528			
	Deutsche Bank Sub CDS at Closing new weekly high . Daily still has some more to gopic.twitter.com/IjnVcwkUtq	Sunchartist	2	1	1468142855	752071759940063232	https://twitter.com/Sunchartist/status/752071759940063232			
	divergence can continue but how long no idea	Sunchartist	0	0	1468131121	752022546053107712	https://twitter.com/Sunchartist/status/752022546053107712			
	$ SPX / CL_f S&P and Crude correlation breakingpic.twitter.com/oR0CHoZZ7b	Sunchartist	2	1	1468130040	752018010001383425	https://twitter.com/Sunchartist/status/752018010001383425			
	Dow Jones / NYSE comp $ INDU $ NYApic.twitter.com/JlCsnDfPe7	Sunchartist	1	0	1468129847	752017203906514944	https://twitter.com/Sunchartist/status/752017203906514944			
	High Yield Bonds / Oil $ HYG / $ Cl_fpic.twitter.com/ru4GEjSPtk	Sunchartist	0	1	1468129707	752016617194729473	https://twitter.com/Sunchartist/status/752016617194729473			
	EuroStoxx 50 / Deutsche Bank Equity / Deutsche Bank Coco bondspic.twitter.com/W9zwc69n9G	Sunchartist	0	2	1468129665	752016438777425920	https://twitter.com/Sunchartist/status/752016438777425920			
	CBOE Weekly Equity P/C ratiopic.twitter.com/3Cui26ahTz	Sunchartist	0	0	1468129556	752015982277718016	https://twitter.com/Sunchartist/status/752015982277718016			
	&SPX / $ KBW YTDpic.twitter.com/DB1fFI1Ud8	Sunchartist	0	0	1468129501	752015752060739585	https://twitter.com/Sunchartist/status/752015752060739585			
	KBW bank Index / Can S&P 500 (blue) continue to ignore banking stocks $ SPX $ KBWpic.twitter.com/NwWZlE4V2h	Sunchartist	1	1	1468129458	752015569201688580	https://twitter.com/Sunchartist/status/752015569201688580			
	"Maybe better meme on # Brexit ""UK left the sinking EU ship early others to follow""https://twitter.com/TheEconomist/status/751933189111906305 …"	Sunchartist	1	0	1468113938	751950476107587586	https://twitter.com/Sunchartist/status/751950476107587586		#	
	reminds me of cdo^2 the sub prime on its own $600 bln as reference to several Cdo's trillions	Sunchartist	0	0	1468111886	751941869077008384	https://twitter.com/Sunchartist/status/751941869077008384			
